2021-10-23 13:33:03+00:00,b'United Airlines is launching a test program at LAX that lets you skip the TSA line with a reservation you can make\xe2\x80\xa6 https://t.co/Gx0rJ4Qp7C'
2021-10-23 13:28:13+00:00,b'United Airlines to Launch Largest Domestic Schedule Since March 2020 https://t.co/lvdRYdmWzc #unitedairlines https://t.co/6OaeAJiLaR'
2021-10-23 13:10:00+00:00,b'Only 1\xe2\x83\xa3 week until my @united flight \xe2\x9c\x88\xef\xb8\x8fthat will make me a million-miler. I must admit that I am getting excited ab\xe2\x80\xa6 https://t.co/8CRFLuQDrH'
2021-10-23 12:20:25+00:00,"b""#UnitedAirlines: School Company Says 'Drunk Squirrel' Caused Violent, at a Party"""
2021-10-23 12:08:14+00:00,b'Fly with the best airline at discounted prices and fall in love with flying.\n#traveler #TravelTheWorld #travrlgram\xe2\x80\xa6 https://t.co/HGCgxseGOB'
2021-10-23 11:00:00+00:00,b'\xf0\x9f\x92\xa5 Incredible flight offers with United Airlines!\n\nLIMITED TIME OFFER!!! Grab your flights to any part of the USA TO\xe2\x80\xa6 https://t.co/geZkmLv7bs'
2021-10-23 07:40:03+00:00,b'#737max (two crashes) now flying. Hmm. #alaskaairlines #unitedAIRLINES #AmericanAirlines #SouthwestAirlines\xe2\x80\xa6 https://t.co/jMCISGajfb'
2021-10-23 06:39:37+00:00,b'RT @BookingsAir: Book your cheapest flights to Tahiti Island from Los Angeles with @BookingsAir \nhttps://t.co/y7BgeoO0ba\n\n#airticketsbookin\xe2\x80\xa6'
2021-10-23 06:32:41+00:00,b'Book your cheapest flights to Tahiti Island from Los Angeles with @BookingsAir \nhttps://t.co/y7BgeoO0ba\xe2\x80\xa6 https://t.co/w695qu49Ny'
2021-10-23 06:21:47+00:00,"b'#UAL194: United Airlines (Boeing 787 9), 4.8 km out at 41000 ft - heading SE with 1047.1 km/h. 7671 / 06:20:24 /\xe2\x80\xa6 https://t.co/CiWxbEKQHp'"
2021-10-23 01:32:53+00:00,b'RT @Tripcandyio: United Airlines reported a $473 million profit for the three months ending in September.\n\n#Bitcoin\xc2\xa0 #Binance\xc2\xa0 #BSC\xc2\xa0 #Crypt\xe2\x80\xa6'
2021-10-23 01:21:22+00:00,b'@UnltedAirlines You have canceled flight 989 due to plane malfunction. Thank you for thinking of safety first but t\xe2\x80\xa6 https://t.co/IINkBso100'
2021-10-23 00:23:35+00:00,b'Well #unitedAIRLINES flight delayed and going to miss my next flight. Sorry guys we have to work Sunday now!\xf0\x9f\x99\x84'
2021-10-23 00:00:31+00:00,"b""After a long week, we're flying into the weekend\xe2\x9c\x88\xef\xb8\x8f\n\n- Like and share \xf0\x9f\x93\xa2\n- Join VirtualUA Today \xf0\x9f\x92\xbb\n\n\xf0\x9f\x93\xb8 : Alexander B.\xe2\x80\xa6 https://t.co/ZgbIVA6LsX"""
2021-10-23 00:00:09+00:00,b'Start the weekend with SVBTA Online Auction!\n\nEnjoy EARLY bidding: https://t.co/cxh7NGBHX4\n\nEvent registration not\xe2\x80\xa6 https://t.co/yR8bCyhq8d'
2021-10-22 22:08:12+00:00,b'RT @Apple_Rising: The weather forecast for today will be unseasonably warm followed with hazy skies and a very good chance of chemical pois\xe2\x80\xa6'
2021-10-22 21:50:26+00:00,"b'RT @lammdogg: Dreamy Friyay, errybody \xe2\x9c\x88\xef\xb8\x8f\n\nhttps://t.co/MYWDdrnzZx\n\n#beingUnited #Unitedairlines https://t.co/rMBI1DBSXG'"
2021-10-22 19:43:55+00:00,b'The weather forecast for today will be unseasonably warm followed with hazy skies and a very good chance of chemica\xe2\x80\xa6 https://t.co/1bKHFOWkjO'
2021-10-22 19:29:50+00:00,b'I\xe2\x80\x99m flying with @UnitedAirlines this weekend and I have to say their customer service has been excellent. I\xe2\x80\x99ve had\xe2\x80\xa6 https://t.co/pVYCOSmWsZ'
2021-10-22 19:29:28+00:00,b'@united We had an 8:20 flight to Aus from Den that was delayed at 7:24 until 12:48. Then cancelled completely at 10\xe2\x80\xa6 https://t.co/wu4ameuQo8'
2021-10-22 17:58:06+00:00,"b'RT @lammdogg: Dreamy Friyay, errybody \xe2\x9c\x88\xef\xb8\x8f\n\nhttps://t.co/MYWDdrnzZx\n\n#beingUnited #Unitedairlines https://t.co/rMBI1DBSXG'"
2021-10-22 17:39:00+00:00,"b'@AmericanAir Done with AA, will go elsewhere from now on.  AA no longer allows upgrades or changes out of pocket if\xe2\x80\xa6 https://t.co/QdkiW8MeoV'"
2021-10-22 17:16:54+00:00,"b'UA1928 - Incident: United B737 at Madison on Oct 21st 2021, bird strike https://t.co/gx1AfmxRgV #flight #incident\xe2\x80\xa6 https://t.co/mU1eNHvEaG'"
2021-10-22 15:15:54+00:00,"b""I am on flight AC 926 from #YUL to Cancun, and there are so many people without masks. \n\nWorse #AirCanada doesn't s\xe2\x80\xa6 https://t.co/3CgAcAP12l"""
2021-10-22 15:00:21+00:00,b'Buyers - register BEFORE 5PM TODAY &amp; receive complimentary entry.\n\nsvbta@svbta.org to receive code. \n\nQuestions? vi\xe2\x80\xa6 https://t.co/80KV8VyuJq'
2021-10-22 14:49:15+00:00,b'Today\xe2\x80\x99s good morning tweet \n\nFuck #UnitedAirlines Who tf doesn\xe2\x80\x99t schedule a first officer for a flight to one of th\xe2\x80\xa6 https://t.co/6aUcygsdQX'
2021-10-22 14:18:46+00:00,"b'RT @essentialairsvc: &lt;&lt;Earlier, #UnitedAirlines said on its website that #SkyWest was ""experiencing a server outage that has impacted multi\xe2\x80\xa6'"
2021-10-22 14:12:38+00:00,b'A different kind of adventure\xe2\x80\xa6 flying a Boeing 777 (or as close as we\xe2\x80\x99ll ever get) at the @united Flight Training C\xe2\x80\xa6 https://t.co/2dwPp8g8nl'
2021-10-22 14:00:42+00:00,b'LAST DAY!!!!!\n\nRegister before 5pm on Oct 22 at https://t.co/j5QuDrT7RX &amp; receive entry to win wine donated by the\xe2\x80\xa6 https://t.co/JnLfWeZd7W'
2021-10-22 13:59:03+00:00,"b'RT @lammdogg: Dreamy Friyay, errybody \xe2\x9c\x88\xef\xb8\x8f\n\nhttps://t.co/MYWDdrnzZx\n\n#beingUnited #Unitedairlines https://t.co/rMBI1DBSXG'"
2021-10-22 13:51:24+00:00,"b'RT @lammdogg: Dreamy Friyay, errybody \xe2\x9c\x88\xef\xb8\x8f\n\nhttps://t.co/MYWDdrnzZx\n\n#beingUnited #Unitedairlines https://t.co/rMBI1DBSXG'"
2021-10-22 13:30:19+00:00,"b'Dreamy Friyay, errybody \xe2\x9c\x88\xef\xb8\x8f\n\nhttps://t.co/MYWDdrnzZx\n\n#beingUnited #Unitedairlines https://t.co/rMBI1DBSXG'"
2021-10-22 13:12:41+00:00,b'RT @srilughattu: United Airlines\xe2\x80\x99 direct flights between Bengaluru and San Francisco will take to the skies in May next year. Read details\xe2\x80\xa6'
2021-10-22 12:11:09+00:00,"b'RT @essentialairsvc: &lt;&lt;Earlier, #UnitedAirlines said on its website that #SkyWest was ""experiencing a server outage that has impacted multi\xe2\x80\xa6'"
2021-10-22 12:11:06+00:00,"b'&lt;&lt;Earlier, #UnitedAirlines said on its website that #SkyWest was ""experiencing a server outage that has impacted mu\xe2\x80\xa6 https://t.co/2b11nMy8jH'"
2021-10-22 11:55:35+00:00,b'RT @dallastaras: When your flight get cancelled bc of technical difficulties. #unitedairlines https://t.co/GsN2PSQXRT'
2021-10-22 11:26:26+00:00,b'THAT\xe2\x80\x99s the way it\xe2\x80\x99s done #UnitedAirlines I wish others like #JetBlue would follow suit. https://t.co/hnRmOzygrg'
2021-10-22 10:38:39+00:00,b'And now it appears they sent the luggage of all the people who booked alternate routes. About 15 people standing he\xe2\x80\xa6 https://t.co/3ZQeL72Bsk'
2021-10-22 10:00:52+00:00,"b'Hawaii, Woohoo, here we are!\xe2\x9c\x88\xef\xb8\x8f\n\n- Like and share \xf0\x9f\x93\xa2\n- Join VirtualUA Today \xf0\x9f\x92\xbb\n\n\xf0\x9f\x93\xb8 : Ryan H.\n\n#airport #airplane\xe2\x80\xa6 https://t.co/grKV94KCRD'"
2021-10-22 08:16:19+00:00,"b'RT @StatMediaNews: By 2021, American cargo revenue will reach $1 billion.\n\n@AmericanAir @Delta\n\n#AirCargo #AmericanAirlines #cargorevenue #\xe2\x80\xa6'"
2021-10-22 07:54:04+00:00,"b'By 2021, American cargo revenue will reach $1 billion.\n\n@AmericanAir @Delta\n\n#AirCargo #AmericanAirlines\xe2\x80\xa6 https://t.co/jex7kEW1sa'"
2021-10-22 07:25:27+00:00,b'ICAO: #A05627\nFlt: #UAL960 #UnitedAirlines\nFirst seen: 2021/10/22 09:24:14\nMin Alt: 5975 ft MSL\nMin Dist: 1.1 km\xe2\x80\xa6 https://t.co/hBjFGi3Ud8'
2021-10-22 06:55:59+00:00,b'ICAO: #A254DA\nFlt: #UAL907 #UnitedAirlines\nFirst seen: 2021/10/22 08:54:14\nMin Alt: 10050 ft MSL\nMin Dist: 2.0 km\xe2\x80\xa6 https://t.co/a9dWWw6iU7'
2021-10-22 06:23:35+00:00,b'RT @LundeJohn: Our flight to Nashville has been delayed 7 times equaling 6 hours. Gate has been changed 3 times. Got notified it had finall\xe2\x80\xa6'
2021-10-22 06:19:35+00:00,b'Our flight to Nashville has been delayed 7 times equaling 6 hours. Gate has been changed 3 times. Got notified it h\xe2\x80\xa6 https://t.co/08AnfiLdXu'
2021-10-22 06:08:30+00:00,b'RT @ashleyl98801647: Going on 7 hours delayed and flight still hasn\xe2\x80\x99t been cancelled. How is this allowed?  #skywest #UnitedAirlines https:\xe2\x80\xa6'
2021-10-22 06:05:13+00:00,b'Going on 7 hours delayed and flight still hasn\xe2\x80\x99t been cancelled. How is this allowed?  #skywest #UnitedAirlines https://t.co/NQ0SS3PHOp'
2021-10-22 03:22:50+00:00,"b'Thanks @SkyWestAirlines for canceling flights across the country including my United flight, guess my trip won\xe2\x80\x99t be\xe2\x80\xa6 https://t.co/M9gFk3WGKm'"
2021-10-22 01:56:49+00:00,"b'(2/2) the thing is, is that the System of a Down concert is at 530. I won\xe2\x80\x99t get into LA now until 830 they\xe2\x80\x99re time.\xe2\x80\xa6 https://t.co/RWcH75rFW9'"
2021-10-22 01:40:15+00:00,b'When your flight get cancelled bc of technical difficulties. #unitedairlines https://t.co/GsN2PSQXRT'
2021-10-22 01:36:33+00:00,b'United Airlines has announced that they will retrofit all of their remaining 767-300 aircraft as well as their yet\xe2\x80\xa6 https://t.co/qd3L461UWU'
2021-10-22 00:45:53+00:00,"b""Word of advice, if you want to avoid a flight delay of 4 hours then don't fly @united. They've done nothing to comp\xe2\x80\xa6 https://t.co/segFM5LOmZ"""
2021-10-22 00:20:44+00:00,b'RT @PatryceEWR: In #ewrsw We Wear Pink on Wednesdays! @weareunited @StacyC_United @Izzy_United  @EWR_SW @EricBillingsEWR @KentJacobsIAD @Ka\xe2\x80\xa6'
2021-10-21 23:29:53+00:00,b'System wide server is down. Sitting for hours in a crowded airport. This bites #UnitedAirlines'
2021-10-21 22:10:52+00:00,"b'RT @GBunting6: @DanPriceSeattle Right?  I am baffled....paying 3x to fly now than before the pandemic. \xf0\x9f\x99\x84 yes, looking at you #UnitedAirlines'"
2021-10-21 22:10:41+00:00,b'At @dsmairport and pilot from @united just announced system is down nationwide and no flights are taking off. \xf0\x9f\x91\xa8\xe2\x80\x8d\xf0\x9f\x92\xbb\xe2\x80\xa6 https://t.co/ELrbnWqF8h'
2021-10-21 22:03:02+00:00,b'Jim Cramer sees more room to run for United #Airlines - https://t.co/lr8UgwhdVw - #JimCramer #Pandemic #Shares #Television #UnitedAirlines'
2021-10-21 22:00:49+00:00,"b""We're here safe and ontime=Priceless\xe2\x9c\x88\xef\xb8\x8f\n\n- Like and share \xf0\x9f\x93\xa2\n- Join VirtualUA Today \xf0\x9f\x92\xbb\n\n\xf0\x9f\x93\xb8 : Erik S.\n\n#airport\xe2\x80\xa6 https://t.co/Jcdap0TJr9"""
2021-10-21 20:59:03+00:00,"b'Airlines are scaling up operations with new routes daily. This week, #UnitedAirlines announced new routes for Summe\xe2\x80\xa6 https://t.co/Dzv4MW5xaL'"
2021-10-21 20:54:20+00:00,b'Sitting on the OKC tarmac and pilot said @united main servers are down\xe2\x80\xa6 did they turn it off and turn it back on? #unitedAIRLINES'
2021-10-21 20:34:27+00:00,b'RT @shantesview: Thank you! #NOMANDATES &gt; this is a personal choice #unitedAIRLINES #SouthwestEmployees #AlegiantAirlines https://t.co/H1Ly\xe2\x80\xa6'
2021-10-21 20:24:42+00:00,b'United Airlines CEO lays out warnings to the unvaccinated.   UA had better examine its ethics as they harass and di\xe2\x80\xa6 https://t.co/YAsqoLTvT5'
2021-10-21 20:16:48+00:00,b'United Airlines CEO Hints at Rising Fares Amid Jet Fuel Costs\n\n#Airfare #AirlineIndustry #Aviation #FuelCosts\xe2\x80\xa6 https://t.co/gCMcYDZ0kN'
2021-10-21 20:09:43+00:00,"b'@DanPriceSeattle Right?  I am baffled....paying 3x to fly now than before the pandemic. \xf0\x9f\x99\x84 yes, looking at you #UnitedAirlines'"
2021-10-21 19:03:06+00:00,"b'RT @GATELESIS: It took us less than 5 seconds to spot these, beat that! @United\n\n#UnitedAirlines #UnitedAirline #CustomerAppreciation https\xe2\x80\xa6'"
2021-10-21 19:00:01+00:00,b'SVBTA Online Auction is  OPEN! \n\nEnjoy EARLY bidding: https://t.co/cxh7NGBHX4\n\nEvent registration not required for\xe2\x80\xa6 https://t.co/kH5yEs0Llo'
2021-10-21 18:59:34+00:00,b'Who else loves the window seat? \n\n#windowseat #travel #travelblogger #sunset #chicago #unitedairlines https://t.co/51sB6DaB1t'
2021-10-21 18:57:36+00:00,"b'Just a reminder that @united #unitedairlines is such a terrible airlines, with cramped seating and generally awful\xe2\x80\xa6 https://t.co/Jgu0LqkMLO'"
2021-10-21 17:39:40+00:00,b'#UnitedAirlines is canceling plans to debut a new daily nonstop flight from #SanFrancisco International Airport to\xe2\x80\xa6 https://t.co/FsBMmAmJMm'
2021-10-21 16:59:35+00:00,"b'Super disappointed of #UnitedAirlines, Stuck before entering to gate due to luggage issue, we told those people our\xe2\x80\xa6 https://t.co/YPcQAmQnbe'"
2021-10-21 16:30:49+00:00,b'@americanair sorry folks #unitedairlines cabin crew are so much better that you\xe2\x80\x99ll never catch up. Take the word of a 9M miles customer.'
2021-10-21 16:00:50+00:00,b'Buyers - register BEFORE 5PM tomorrow &amp; receive complimentary entry.\n\nsvbta@svbta.org to receive code. \n\nQuestions?\xe2\x80\xa6 https://t.co/tx0bBnqJSn'
2021-10-21 15:35:50+00:00,b'#UnitedAirlines helps #Afghanistan relief: Enables members to donate sky miles to 3 #NGOs :\n\n#Miles4Migrants : Conn\xe2\x80\xa6 https://t.co/lZ34Os7JnW'
2021-10-21 14:39:39+00:00,b'#UnitedAirlines said on Wednesday its #Boeing 777-200 planes equipped with Pratt &amp; Whitney (#PW) engines are expect\xe2\x80\xa6 https://t.co/9ZIkIh2EkB'
2021-10-21 14:32:13+00:00,"b'United Airlines Workers: 97% get Poked, Air Canada begs the U.S., Qatar Chins, MORE\xe2\x80\xa6 https://t.co/xOqHoUbXQo\xe2\x80\xa6 https://t.co/6oGmswnwfY'"
2021-10-21 14:28:27+00:00,b'United Airlines earned $473 million in the third quarter as travel demand stayed strong. - The New York Times\xe2\x80\xa6 https://t.co/jnDAOz9HVN'
2021-10-21 14:27:31+00:00,b'I asked another FA for some extra stroopwaffels to take with me and she brought me ten! She was very kind. It\xe2\x80\x99s the\xe2\x80\xa6 https://t.co/h7bEXEqRZJ'
2021-10-21 14:09:39+00:00,"b""BULLSHIT!!! You see #JomCramer loves that #UnitedAirlines IS mandating vaccines, IS firing people if they're not, I\xe2\x80\xa6 https://t.co/dOprqzR56A"""
2021-10-21 14:09:39+00:00,"b""@SouthwestAir CEO Gary Kelly on @SquawkStreet says he's NOT mandating #vaccines NOT firing employees who aren't vac\xe2\x80\xa6 https://t.co/vyvYUrYIiY"""
2021-10-21 14:02:13+00:00,b'RT @Tripcandyio: United Airlines reported a $473 million profit for the three months ending in September.\n\n#Bitcoin\xc2\xa0 #Binance\xc2\xa0 #BSC\xc2\xa0 #Crypt\xe2\x80\xa6'
2021-10-21 14:01:54+00:00,"b'Nice and Smooth, Captain! \xe2\x9c\x88\xef\xb8\x8f\n\n- Like and share \xf0\x9f\x93\xa2\n- Join VirtualUA Today \xf0\x9f\x92\xbb\n\n\xf0\x9f\x93\xb8 : Evan M.\n\n#airport #airplane #avgeek\xe2\x80\xa6 https://t.co/D6Bkv77mrV'"
2021-10-21 14:00:41+00:00,b'EXTENDED TO FRIDAY!\n\nRegister before 5pm on Oct 22 at https://t.co/j5QuDrBwtn &amp; receive entry to win wine donated b\xe2\x80\xa6 https://t.co/DeNISm6Qkc'
2021-10-21 13:12:38+00:00,"b'In 2021, United is likely to report cargo revenue of $2 billion.\n\n@united\n\n#AirCargo #cargo #cargorevenue\xe2\x80\xa6 https://t.co/GxHJvmhD1f'"
2021-10-21 13:00:52+00:00,b'United airlines new 2022 international routes #unitedAIRLINES #new #international #routes #Jordan #2022 https://t.co/2UbNtZ3jx1'
2021-10-21 12:47:38+00:00,"b'RT @GATELESIS: It took us less than 5 seconds to spot these, beat that! @United\n\n#UnitedAirlines #UnitedAirline #CustomerAppreciation https\xe2\x80\xa6'"
2021-10-21 10:38:08+00:00,b'United Airlines stock price target raised to $78 from $72 at Cowen #cowenthis #unitedairlines https://t.co/gm0ZF9SQHD'
2021-10-21 09:58:01+00:00,b'RT @PatryceEWR: In #ewrsw We Wear Pink on Wednesdays! @weareunited @StacyC_United @Izzy_United  @EWR_SW @EricBillingsEWR @KentJacobsIAD @Ka\xe2\x80\xa6'
2021-10-21 09:53:37+00:00,b'RT @PatryceEWR: In #ewrsw We Wear Pink on Wednesdays! @weareunited @StacyC_United @Izzy_United  @EWR_SW @EricBillingsEWR @KentJacobsIAD @Ka\xe2\x80\xa6'
2021-10-21 09:38:11+00:00,"b""Jim Cramer believes it's time to stop taking investment advice from 'bearish billionaires' #tesla #madmoneyrecap\xe2\x80\xa6 https://t.co/OoCibZP1Eo"""
2021-10-21 09:27:39+00:00,b'Only need 835 more points and ya boy gets Premier 1K for 2022. Been straight Hustlin this year \xf0\x9f\xa4\xab\xf0\x9f\x98\x88\xe2\x9c\x88\xef\xb8\x8f\xf0\x9f\x8e\xa5\xf0\x9f\x8e\xac\xe2\x80\xa6 https://t.co/gjjzaUHr1q'
2021-10-21 08:40:02+00:00,"b""RT @TravelEsquire: First Class Breakfast \xf0\x9f\xa5\x9e: #AmericanAirlines Vs. #UnitedAirlines - Live and Let's Fly https://t.co/8GW7lUQYNs #Travel #Bus\xe2\x80\xa6"""
2021-10-21 06:07:42+00:00,b'#UnitedAirlines posts $473 million third quarter profit on federal pandemic aid https://t.co/drKCxwFr8D'
2021-10-21 05:19:54+00:00,b'RT @Tripcandyio: United Airlines reported a $473 million profit for the three months ending in September.\n\n#Bitcoin\xc2\xa0 #Binance\xc2\xa0 #BSC\xc2\xa0 #Crypt\xe2\x80\xa6'
2021-10-21 05:03:40+00:00,b'@ActionsNotTalk @T4booboo @leftcoastbabe @StephMillerShow @united It\xe2\x80\x99s due to these idiots that we are continuing t\xe2\x80\xa6 https://t.co/HWoFtcR9ez'
2021-10-21 05:03:16+00:00,b'RT @travelobiz: United Airlines Announced New  International Routes For 2022 Schedule\n\n#Airlines #Aviation #AviationNews #FlightSchedule #I\xe2\x80\xa6'
2021-10-21 05:00:04+00:00,b'United Airlines Announced New  International Routes For 2022 Schedule\n\n#Airlines #Aviation #AviationNews\xe2\x80\xa6 https://t.co/oPGnlMDyjj'
2021-10-21 03:32:40+00:00,"b'Thank you, #UnitedAirlines https://t.co/dF06rHyvCI https://t.co/IhQVDOZ6Rh'"
2021-10-21 03:31:20+00:00,"b""It's 8:30pm and we are still not moving. FML!!! #unitedairlines"""
2021-10-21 03:29:08+00:00,"b""They put us on a 6:30pm from SFO. Then this flight is delayed cuz crew hasn't arrived from LAX. Then once we finall\xe2\x80\xa6 https://t.co/w8PalO6cVb"""
2021-10-21 03:27:33+00:00,b'First SEA flight has technical issues and delayed till 11am. This obv causes us to reach just mins before flight fr\xe2\x80\xa6 https://t.co/9kiZ3LM7hJ'
2021-10-21 03:14:15+00:00,b'Just touched down after nearly missing my connection. Grateful for the @united crew in SFO on flight UA4791 for hol\xe2\x80\xa6 https://t.co/QM2YH8MQ40'
2021-10-21 02:05:07+00:00,b'RT @PatryceEWR: In #ewrsw We Wear Pink on Wednesdays! @weareunited @StacyC_United @Izzy_United  @EWR_SW @EricBillingsEWR @KentJacobsIAD @Ka\xe2\x80\xa6'
2021-10-21 02:05:05+00:00,b'RT @Tripcandyio: United Airlines reported a $473 million profit for the three months ending in September.\n\n#Bitcoin\xc2\xa0 #Binance\xc2\xa0 #BSC\xc2\xa0 #Crypt\xe2\x80\xa6'
2021-10-21 01:49:20+00:00,b'Love you #UnitedAirlines https://t.co/gM37crwetm'
2021-10-21 01:22:09+00:00,b'In #ewrsw We Wear Pink on Wednesdays! @weareunited @StacyC_United @Izzy_United  @EWR_SW @EricBillingsEWR\xe2\x80\xa6 https://t.co/EHpDMWt2Qt'
2021-10-21 01:11:38+00:00,b'RT @Tripcandyio: United Airlines reported a $473 million profit for the three months ending in September.\n\n#Bitcoin\xc2\xa0 #Binance\xc2\xa0 #BSC\xc2\xa0 #Crypt\xe2\x80\xa6'
2021-10-21 00:57:00+00:00,b'#UnitedAirlines CEO is about to run them into the ground!'
2021-10-21 00:55:00+00:00,b'United Airlines reported a $473 million profit for the three months ending in September.\n\n#Bitcoin\xc2\xa0 #Binance\xc2\xa0 #BSC\xc2\xa0\xe2\x80\xa6 https://t.co/lPrqCgXv9g'
2021-10-21 00:11:47+00:00,b'RT @biztocnews: Airlines warn of furloughs as pandemic impacts travel industry #unitedairlines #krisvancleave #carriers https://t.co/qZB9dL\xe2\x80\xa6'
2021-10-21 00:00:32+00:00,b'Final Call for a ontime Departure!  \xe2\x9c\x88\xef\xb8\x8f\n\n- Like and share \xf0\x9f\x93\xa2\n- Join VirtualUA Today \xf0\x9f\x92\xbb\n\n\xf0\x9f\x93\xb8 : Charles J.\n\n#airport\xe2\x80\xa6 https://t.co/LD3IM4NRIX'
2021-10-20 23:57:08+00:00,b'Airlines warn of furloughs as pandemic impacts travel industry #unitedairlines #krisvancleave #carriers https://t.co/qZB9dLZbYl'
2021-10-20 23:37:32+00:00,"b""RT @JaredWYoung: Well @united now Day 19 and you STILL haven't found our luggage. You said to DM you, I did, and got nothing back. Your ser\xe2\x80\xa6"""
2021-10-20 22:24:40+00:00,"b""Well @united now Day 19 and you STILL haven't found our luggage. You said to DM you, I did, and got nothing back. Y\xe2\x80\xa6 https://t.co/SxmdkRvqxr"""
2021-10-20 22:00:49+00:00,b'United Airlines Announces Largest Transatlantic Expansion in its History Including 10 New Flights\xe2\x80\xa6 https://t.co/mvGsl5Wwgf'
2021-10-20 21:53:30+00:00,b'RT @skygoflycom: United MileagePlus Visa Members Get Bonuses for Supporting Hunger Relief https://t.co/4he8WS1JTB #unitedairlines https://t\xe2\x80\xa6'
2021-10-20 21:49:53+00:00,"b'RT @EpochTimes: \xe2\x80\x9cHigher jet-fuel prices lead to higher ticket prices,\xe2\x80\x9d Kirby said. \xe2\x80\x9cUltimately, we\xe2\x80\x99ll pass that through.\xe2\x80\x9d\n\n#UnitedAirlines\xe2\x80\xa6'"
2021-10-20 21:42:52+00:00,b'#MaskUp #Mandatory #UnitedAirlines #FAFO \n\nLove this approach ! \xf0\x9f\x91\x87 https://t.co/jvZAEnHrYI'
2021-10-20 21:37:17+00:00,b'@united an airliner with a rainbow painted on it would look amazing! Probably sell some tickets too! #rainbow\xe2\x80\xa6 https://t.co/5mrS0KHsOU'
2021-10-20 21:00:14+00:00,"b'Register now: https://t.co/j5QuDrT7RX.\n\nOct 28, 2021\n 530pm-830pm\nAuto Vino-Menlo Park\n\nThank you SPONSORS!\n#IHG\xe2\x80\xa6 https://t.co/LaElp97kTk'"
2021-10-20 20:19:50+00:00,"b'$UAL  10-Q  United Airlines   (20 Oct, 4:17pm)\n\n\xf0\x9f\x93\x8a 2021 Q3 Earnings\n\nhttps://t.co/69xdFk6nI2\n\n#UAL #10Q #UnitedAirlines #Earnings'"
2021-10-20 20:19:50+00:00,"b'$UAL  10-Q  United Airlines   (20 Oct, 4:17pm)\n\n\xf0\x9f\x93\x8a 2021 Q3 Earnings\n\nhttps://t.co/N5EYXeHPoi\n\n#UAL #10Q #UnitedAirlines #Earnings'"
2021-10-20 20:03:53+00:00,"b'RT @EpochTimes: \xe2\x80\x9cHigher jet-fuel prices lead to higher ticket prices,\xe2\x80\x9d Kirby said. \xe2\x80\x9cUltimately, we\xe2\x80\x99ll pass that through.\xe2\x80\x9d\n\n#UnitedAirlines\xe2\x80\xa6'"
2021-10-20 19:42:45+00:00,"b'RT @EpochTimes: \xe2\x80\x9cHigher jet-fuel prices lead to higher ticket prices,\xe2\x80\x9d Kirby said. \xe2\x80\x9cUltimately, we\xe2\x80\x99ll pass that through.\xe2\x80\x9d\n\n#UnitedAirlines\xe2\x80\xa6'"
2021-10-20 19:33:23+00:00,"b'RT @EpochTimes: \xe2\x80\x9cHigher jet-fuel prices lead to higher ticket prices,\xe2\x80\x9d Kirby said. \xe2\x80\x9cUltimately, we\xe2\x80\x99ll pass that through.\xe2\x80\x9d\n\n#UnitedAirlines\xe2\x80\xa6'"
2021-10-20 19:28:06+00:00,"b'RT @EpochTimes: \xe2\x80\x9cHigher jet-fuel prices lead to higher ticket prices,\xe2\x80\x9d Kirby said. \xe2\x80\x9cUltimately, we\xe2\x80\x99ll pass that through.\xe2\x80\x9d\n\n#UnitedAirlines\xe2\x80\xa6'"
2021-10-20 19:19:22+00:00,"b'RT @EpochTimes: \xe2\x80\x9cHigher jet-fuel prices lead to higher ticket prices,\xe2\x80\x9d Kirby said. \xe2\x80\x9cUltimately, we\xe2\x80\x99ll pass that through.\xe2\x80\x9d\n\n#UnitedAirlines\xe2\x80\xa6'"
2021-10-20 19:18:15+00:00,"b'RT @EpochTimes: \xe2\x80\x9cHigher jet-fuel prices lead to higher ticket prices,\xe2\x80\x9d Kirby said. \xe2\x80\x9cUltimately, we\xe2\x80\x99ll pass that through.\xe2\x80\x9d\n\n#UnitedAirlines\xe2\x80\xa6'"
2021-10-20 19:17:04+00:00,"b'#UnitedAirlines exceeded expectations in the third quarter thanks to more than $1 billion in federal #pandemic aid,\xe2\x80\xa6 https://t.co/9CtXVe0pV4'"
2021-10-20 19:15:20+00:00,"b'RT @EpochTimes: \xe2\x80\x9cHigher jet-fuel prices lead to higher ticket prices,\xe2\x80\x9d Kirby said. \xe2\x80\x9cUltimately, we\xe2\x80\x99ll pass that through.\xe2\x80\x9d\n\n#UnitedAirlines\xe2\x80\xa6'"
2021-10-20 19:13:26+00:00,"b'RT @EpochTimes: \xe2\x80\x9cHigher jet-fuel prices lead to higher ticket prices,\xe2\x80\x9d Kirby said. \xe2\x80\x9cUltimately, we\xe2\x80\x99ll pass that through.\xe2\x80\x9d\n\n#UnitedAirlines\xe2\x80\xa6'"
2021-10-20 19:12:41+00:00,"b'RT @EpochTimes: \xe2\x80\x9cHigher jet-fuel prices lead to higher ticket prices,\xe2\x80\x9d Kirby said. \xe2\x80\x9cUltimately, we\xe2\x80\x99ll pass that through.\xe2\x80\x9d\n\n#UnitedAirlines\xe2\x80\xa6'"
2021-10-20 19:10:30+00:00,"b'RT @EpochTimes: \xe2\x80\x9cHigher jet-fuel prices lead to higher ticket prices,\xe2\x80\x9d Kirby said. \xe2\x80\x9cUltimately, we\xe2\x80\x99ll pass that through.\xe2\x80\x9d\n\n#UnitedAirlines\xe2\x80\xa6'"
2021-10-20 19:10:19+00:00,"b'RT @EpochTimes: \xe2\x80\x9cHigher jet-fuel prices lead to higher ticket prices,\xe2\x80\x9d Kirby said. \xe2\x80\x9cUltimately, we\xe2\x80\x99ll pass that through.\xe2\x80\x9d\n\n#UnitedAirlines\xe2\x80\xa6'"
2021-10-20 19:10:01+00:00,"b'\xe2\x80\x9cHigher jet-fuel prices lead to higher ticket prices,\xe2\x80\x9d Kirby said. \xe2\x80\x9cUltimately, we\xe2\x80\x99ll pass that through.\xe2\x80\x9d\xe2\x80\xa6 https://t.co/xpkzewuns8'"
2021-10-20 18:57:08+00:00,b'United Airlines CEO warns that ticket prices will increase because jet fuel is getting more expensive\xe2\x80\xa6 https://t.co/mr1GFauRDF'
2021-10-20 18:50:03+00:00,b'Hundreds of #UnitedAirlines employees could be terminated for failing to receive #COVIDVaccine following mandate:\xe2\x80\xa6 https://t.co/nyT8jgH2KO'
2021-10-20 18:48:22+00:00,b'United MileagePlus Visa Members Get Bonuses for Supporting Hunger Relief https://t.co/4he8WS1JTB #unitedairlines https://t.co/scKcjV3I9h'
2021-10-20 17:01:35+00:00,"b'It took us less than 5 seconds to spot these, beat that! @United\n\n#UnitedAirlines #UnitedAirline\xe2\x80\xa6 https://t.co/fh4xTIGDk1'"
2021-10-20 16:41:46+00:00,b'RT @lisleweapon: Gorgeous skies as we left @flyLAXairport early this morning \xf0\x9f\xa5\xb0\xf0\x9f\x98\x8d#travelinglife #unitedAIRLINES #flyingthefriendlyskies #theb\xe2\x80\xa6'
2021-10-20 16:38:21+00:00,"b""RT @SurfnSunshine: RT @TravelEsquire: First Class Breakfast \xf0\x9f\xa5\x9e: #AmericanAirlines Vs. #UnitedAirlines - Live and Let's Fly https://t.co/K4Qp\xe2\x80\xa6"""
2021-10-20 16:37:21+00:00,"b""RT @TravelEsquire: First Class Breakfast \xf0\x9f\xa5\x9e: #AmericanAirlines Vs. #UnitedAirlines - Live and Let's Fly\xe2\x80\xa6 https://t.co/p0bHifxMFd"""
2021-10-20 16:32:02+00:00,b'RT @lisleweapon: Gorgeous skies as we left @flyLAXairport early this morning \xf0\x9f\xa5\xb0\xf0\x9f\x98\x8d#travelinglife #unitedAIRLINES #flyingthefriendlyskies #theb\xe2\x80\xa6'
2021-10-20 16:31:06+00:00,"b""RT @TravelEsquire: First Class Breakfast \xf0\x9f\xa5\x9e: #AmericanAirlines Vs. #UnitedAirlines - Live and Let's Fly https://t.co/8GW7lUQYNs #Travel #Bus\xe2\x80\xa6"""
2021-10-20 16:25:33+00:00,b'United Airlines CEO Hints at Rising Fares Amid Jet Fuel Costs\n\n#Airfare #AirlineIndustry #Aviation #Coroavirus\xe2\x80\xa6 https://t.co/9gHnFMbD8X'
2021-10-20 16:19:56+00:00,b'Gorgeous skies as we left @flyLAXairport early this morning \xf0\x9f\xa5\xb0\xf0\x9f\x98\x8d#travelinglife #unitedAIRLINES\xe2\x80\xa6 https://t.co/cMILenWK85'
2021-10-20 16:15:03+00:00,"b""First Class Breakfast \xf0\x9f\xa5\x9e: #AmericanAirlines Vs. #UnitedAirlines - Live and Let's Fly https://t.co/8GW7lUQYNs #Travel\xe2\x80\xa6 https://t.co/CkWPkQuONk"""
2021-10-20 16:00:16+00:00,b'Buyers - register BEFORE 5PM TODAY &amp; receive complimentary entry.\n\nsvbta@svbta.org to receive code. \n\nQuestions? vi\xe2\x80\xa6 https://t.co/B89UWhnNyG'
2021-10-20 15:55:28+00:00,b'Shout out to Shari @United for exceptional customer service with reservation assistance.  #unitedAIRLINES #United #UA'
2021-10-20 15:44:42+00:00,"b""RT @JoeTalkShow: Up next, an airline captain from #UnitedAirlines who isn't standing idly by for vaccine mandates.  Get to https://t.co/o2b\xe2\x80\xa6"""
2021-10-20 15:18:47+00:00,b'ICAO: AA03A2\nFlt: N744YX #UNITEDAIRLINES\nFirst seen: 2021/10/20 11:15:50\nMin Alt: 9250 ft\nMin Dist: 16.6 nm\xe2\x80\xa6 https://t.co/I4F19d2gIH'
2021-10-20 15:12:53+00:00,b'RT @PatryceEWR: It\xe2\x80\x99s not even Wednesday! \xf0\x9f\x92\x95 #OnWednesdaysWeWearPink #BreastCancerAwarenessMonth #unitedAIRLINES #givecancertheboot \n@EWR_SW\xe2\x80\xa6'
2021-10-20 15:00:14+00:00,b'United Airlines reports its Q3 results; tops estimates #unitedAIRLINES #UAL $UAL #aviation #Travel #Covid_19 \n\nhttps://t.co/3TOr4gCasT'
2021-10-20 14:51:24+00:00,b'@Klreagan73 @JuddLegum @newzandsuch @UPS @Walmart @Chevron @Deloitte @Toyota @Allstate @BankofAmerica @bp @Cigna\xe2\x80\xa6 https://t.co/HacauKGZud'
2021-10-20 14:00:18+00:00,b'EXTENDED TO FRIDAY!\n\nRegister before 5pm on Oct 22 at https://t.co/j5QuDrT7RX &amp; receive entry to win wine donated b\xe2\x80\xa6 https://t.co/9ddxIhYFmI'
2021-10-20 13:59:41+00:00,"b'RT @tonylyle: At the end of the day on October 30, 2021, I would have flown 1,000,327 lifetime miles with @united making me a #MillionMiler\xe2\x80\xa6'"
2021-10-20 13:30:00+00:00,"b'At the end of the day on October 30, 2021, I would have flown 1,000,327 lifetime miles with @united making me a\xe2\x80\xa6 https://t.co/pyO1ZTaizm'"
2021-10-20 12:35:39+00:00,b'@SquawkCNBC @united Fair enough \xe2\x80\x94 but when it turns out that these glorified flu shots have serious side effects fo\xe2\x80\xa6 https://t.co/pfopWRLSHG'
2021-10-20 12:20:25+00:00,"b""#UnitedAirlines: Country's Foreign Researchers Tells Kardashian Family to US Flag Background Police Say"""
2021-10-20 12:02:14+00:00,"b""RT @JoeTalkShow: Up next, an airline captain from #UnitedAirlines who isn't standing idly by for vaccine mandates.  Get to https://t.co/o2b\xe2\x80\xa6"""
2021-10-20 12:01:13+00:00,b'Crew walk around time! \xe2\x9c\x88\xef\xb8\x8f\n\n- Like and share \xf0\x9f\x93\xa2\n- Join VirtualUA Today \xf0\x9f\x92\xbb\n\n\xf0\x9f\x93\xb8 : Dillon C.\n\n#airport #airplane #avgeek\xe2\x80\xa6 https://t.co/mGX6HVodXT'
2021-10-20 11:33:06+00:00,"b""RT @JoeTalkShow: Up next, an airline captain from #UnitedAirlines who isn't standing idly by for vaccine mandates.  Get to https://t.co/o2b\xe2\x80\xa6"""
2021-10-20 11:17:07+00:00,b'RT @risingcandle: United Airlines reports its Q3 results; tops estimates #unitedAIRLINES #UAL $UAL #Q3 #earnings #q3earnings #stocks #stock\xe2\x80\xa6'
2021-10-20 10:59:25+00:00,b'RT @VeritasRadioNet: #UnitedAirlines posts higher-than-expected revenue after #travel demand rebounds\n\nhttps://t.co/dGkKrwUpWr'
2021-10-20 10:30:01+00:00,b'United Airlines reports its Q3 results; tops estimates #unitedAIRLINES #UAL $UAL #Q3 #earnings #q3earnings #stocks\xe2\x80\xa6 https://t.co/SMnBhfUjVr'
2021-10-20 09:59:50+00:00,b'#UnitedAirlines posts higher-than-expected revenue after #travel demand rebounds\n\nhttps://t.co/dGkKrwUpWr'
2021-10-20 09:26:11+00:00,b'RT @NahomMD: @franz_kassa @EleniGabre @flyethiopian I guess it doesn\xe2\x80\x99t matter when #US #Airlines does it! #DeltaAir #UnitedAirlines #ETH ht\xe2\x80\xa6'
2021-10-20 09:18:54+00:00,b'#UnitedAirlines Posts Smaller Loss After Variant Wrecks Profit Plan\nhttps://t.co/JAeWfJO7EK'
2021-10-20 09:12:18+00:00,b'United Airlines to Launch Largest Domestic Schedule Since March 2020 https://t.co/lvdRYdmWzc #unitedairlines https://t.co/uCvO5LUIS3'
2021-10-20 07:06:27+00:00,b'I waited 2 weeks for a response from @united customer care team and they haven\xe2\x80\x99t done anything but tell me to conta\xe2\x80\xa6 https://t.co/jdTk92jbFD'
2021-10-20 07:04:03+00:00,b'RT @TechXplore_com: #UnitedAirlines scores 3Q profit as more #travel returns https://t.co/VM4JstYfKI'
2021-10-20 07:04:03+00:00,b'#UnitedAirlines scores 3Q profit as more #travel returns https://t.co/VM4JstYfKI'
2021-10-20 07:01:13+00:00,"b'Here\xe2\x80\x99s the proof, I took a photo of my travel credit before @united deleted it. #UnitedAirlines https://t.co/EOM2jqlmmA'"
2021-10-20 05:35:59+00:00,"b'#UnitedAirlines reported a net #income of $473mn in Q3 helped by a boost from $1.13bn in federal payroll aid, an im\xe2\x80\xa6 https://t.co/c9b1s1VG7N'"
2021-10-20 05:35:45+00:00,"b'#UnitedAirlines reported a net #income of $473mn in Q3 helped by a boost from $1.13bn in federal payroll aid, an im\xe2\x80\xa6 https://t.co/l8q5GnsODV'"
2021-10-20 03:32:14+00:00,"b'RT @SVBTA: Wear your ritziest 1920s attire for FUN PRIZES!\n\nOctober 28, 2021\n 5:30pm-8:30pm\nAuto Vino-Menlo Park\nhttps://t.co/j5QuDrT7RX\n\nT\xe2\x80\xa6'"
2021-10-20 02:08:46+00:00,b'@united charging extra for rows 1-23 and packing everyone in the back of the plane while there is still a pandemic\xe2\x80\xa6 https://t.co/jLYTny6q9d'
2021-10-20 01:51:09+00:00,"b""RT @JoeTalkShow: Up next, an airline captain from #UnitedAirlines who isn't standing idly by for vaccine mandates.  Get to https://t.co/o2b\xe2\x80\xa6"""
2021-10-20 01:44:37+00:00,b'RT @ehatourist: Is trading gift cards for United miles a good deal? #travel https://t.co/74FmIfXTDw #giftcards #manufacturedspend #unitedai\xe2\x80\xa6'
2021-10-20 01:44:21+00:00,b'Is trading gift cards for United miles a good deal? #travel https://t.co/74FmIfXTDw #giftcards #manufacturedspend #unitedairlines'
2021-10-20 00:02:36+00:00,"b""RT @JoeTalkShow: Up next, an airline captain from #UnitedAirlines who isn't standing idly by for vaccine mandates.  Get to https://t.co/o2b\xe2\x80\xa6"""
2021-10-19 23:50:28+00:00,"b""RT @JoeTalkShow: Up next, an airline captain from #UnitedAirlines who isn't standing idly by for vaccine mandates.  Get to https://t.co/o2b\xe2\x80\xa6"""
2021-10-19 23:47:00+00:00,"b""RT @JoeTalkShow: Up next, an airline captain from #UnitedAirlines who isn't standing idly by for vaccine mandates.  Get to https://t.co/o2b\xe2\x80\xa6"""
2021-10-19 23:40:54+00:00,"b""RT @JoeTalkShow: Up next, an airline captain from #UnitedAirlines who isn't standing idly by for vaccine mandates.  Get to https://t.co/o2b\xe2\x80\xa6"""
2021-10-19 23:39:47+00:00,"b""RT @JoeTalkShow: Up next, an airline captain from #UnitedAirlines who isn't standing idly by for vaccine mandates.  Get to https://t.co/o2b\xe2\x80\xa6"""
2021-10-19 23:39:38+00:00,"b""RT @JoeTalkShow: Up next, an airline captain from #UnitedAirlines who isn't standing idly by for vaccine mandates.  Get to https://t.co/o2b\xe2\x80\xa6"""
2021-10-19 23:36:53+00:00,"b""RT @JoeTalkShow: Up next, an airline captain from #UnitedAirlines who isn't standing idly by for vaccine mandates.  Get to https://t.co/o2b\xe2\x80\xa6"""
2021-10-19 23:33:24+00:00,"b""Up next, an airline captain from #UnitedAirlines who isn't standing idly by for vaccine mandates.  Get to\xe2\x80\xa6 https://t.co/vXCYkbHvhy"""
2021-10-19 23:22:36+00:00,b'So on my #unitedairlines flight  the attendant pissed me off. get to my seat and someone\xe2\x80\x99s in it.she tells me the a\xe2\x80\xa6 https://t.co/zBPBS0NCco'
2021-10-19 22:59:47+00:00,b'@UnitedAirlines My husband is stranded in S\xc3\xa3o Paulo attempting to use his one time pass. He\xe2\x80\x99s been sent away. This\xe2\x80\xa6 https://t.co/30oMc1nAFo'
2021-10-19 22:26:29+00:00,"b'I guess \xe2\x80\x9csoon\xe2\x80\x9d is a relative term, as in the @united rep\xe2\x80\x99s announcement 20 minutes ago: \xe2\x80\x9cyou\xe2\x80\x99ll be boarding soon.\xe2\x80\x9d\xe2\x80\xa6 https://t.co/BJDlNGGK3N'"
2021-10-19 22:15:56+00:00,b'\xf0\x9f\x8e\xb5...Champagne... First Class...\xf0\x9f\x8e\xb5\n#BetterTogether\n#BeUnited\n#UnitedAirlines https://t.co/8CbyS7bnex'
2021-10-19 22:00:20+00:00,"b'Wear your ritziest 1920s attire for FUN PRIZES!\n\nOctober 28, 2021\n 5:30pm-8:30pm\nAuto Vino-Menlo Park\xe2\x80\xa6 https://t.co/4szLkQI8kH'"
2021-10-19 21:21:54+00:00,"b'Getting testy, voices raised at the gate C126 as @united announces another delay.\nLoud boos &amp; cries of \xe2\x80\x9cbullshit\xe2\x80\x9d a\xe2\x80\xa6 https://t.co/9VxpZvYRsa'"
2021-10-19 20:30:50+00:00,"b'$UAL  8-K  United Airlines   (19 Oct, 4:29pm)\n\n\xf0\x9f\x93\xb0 Results of Operations and Financial Condition; Financial Statement\xe2\x80\xa6 https://t.co/h25m0ic0X2'"
2021-10-19 20:30:50+00:00,"b'$UAL  8-K  United Airlines   (19 Oct, 4:29pm)\n\n\xf0\x9f\x93\xb0 Results of Operations and Financial Condition; Financial Statement\xe2\x80\xa6 https://t.co/LaOMspmp1w'"
2021-10-19 20:28:09+00:00,b'RT @NahomMD: @franz_kassa @EleniGabre @flyethiopian I guess it doesn\xe2\x80\x99t matter when #US #Airlines does it! #DeltaAir #UnitedAirlines #ETH ht\xe2\x80\xa6'
2021-10-19 20:25:13+00:00,b'@united Can you explain why I\xe2\x80\x99m being prevented from checking in online when I submitted passport documentation ove\xe2\x80\xa6 https://t.co/oebwcxdNuV'
2021-10-19 20:12:12+00:00,b'Hard to believe these people @united are responsible for our safety\xe2\x80\xa6 given how poorly they\xe2\x80\x99re handling this flight\xe2\x80\xa6 https://t.co/2OawsCShk0'
2021-10-19 20:01:35+00:00,b'RT @TradersCom: Earnings AMC\nHow much will #SquidGames Boost $NFLX #Netflix \n+\n$ISRG Intuitive Surgical\n$CNI Canadian National Railway \n$OM\xe2\x80\xa6'
2021-10-19 20:00:54+00:00,b'Jetting above the Clouds! \xe2\x9c\x88\xef\xb8\x8f\n\n- Like and share \xf0\x9f\x93\xa2\n- Join VirtualUA Today \xf0\x9f\x92\xbb\n\n\xf0\x9f\x93\xb8 : Michael D.\n\n#airport #airplane\xe2\x80\xa6 https://t.co/zTDCqyQ0l4'
2021-10-19 19:42:00+00:00,b'RT @TradersCom: Earnings AMC\nHow much will #SquidGames Boost $NFLX #Netflix \n+\n$ISRG Intuitive Surgical\n$CNI Canadian National Railway \n$OM\xe2\x80\xa6'
2021-10-19 19:00:23+00:00,b'Buyers - register BEFORE 5PM TOMORROW for complimentary entry.\n\nMust email svbta@svbta.org to receive a code.\n\nQues\xe2\x80\xa6 https://t.co/MWQEptepD8'
2021-10-19 18:49:25+00:00,b'RT @NahomMD: @franz_kassa @EleniGabre @flyethiopian I guess it doesn\xe2\x80\x99t matter when #US #Airlines does it! #DeltaAir #UnitedAirlines #ETH ht\xe2\x80\xa6'
2021-10-19 18:42:14+00:00,"b'@UnitedAirlines_ $1,100 unauthorized charge, poorly trained reps booking me on higher ticket class than authorized\xe2\x80\xa6 https://t.co/5OUDrZjMbf'"
2021-10-19 18:24:57+00:00,b'Camp day 1 in Chicago! #beingunited @weareunited #unitedairlines #Chicago #travel https://t.co/2lj9y2PacZ'
2021-10-19 17:57:40+00:00,b'ICAO: A1C05D\nFlt: N21154 #UNITEDAIRLINES\nFirst seen: 2021/10/19 13:54:03\nMin Alt: 6900 ft\nMin Dist: 10.4 nm\xe2\x80\xa6 https://t.co/bWqhf9M5PT'
2021-10-19 17:54:11+00:00,b'Southwest drops plan to put unvaccinated staff on unpaid leave\n#News #Office\xe2\x80\xa6 https://t.co/oiTbMfIsNx'
2021-10-19 17:25:24+00:00,b'\xe2\x81\xa6@united\xe2\x81\xa9 goes big: Announces 10 new International Routes including 5 new destinations\n\n#united #unitedairlines\xe2\x80\xa6 https://t.co/GxXccyvv4I'
2021-10-19 16:02:26+00:00,b'@JoshMankiewicz @Limeylizzie Just flew United last week. Felt very safe and passengers were respectful. #UnitedAirlines'
2021-10-19 15:54:38+00:00,b'#unitedAIRLINES Tomorrow\xe2\x80\x99s earnings.. thoughts?'
2021-10-19 15:50:18+00:00,"b'How does customer service screw up your itinerary, charge you an additional $1,200 that you didn\xe2\x80\x99t authorize, then\xe2\x80\xa6 https://t.co/y8MJDxZx8B'"
2021-10-19 15:37:20+00:00,b'RT @ItsTradeNation: Another clutch of positive corporate results lifting stock indices. United Airlines and Netflix report after the US clo\xe2\x80\xa6'
2021-10-19 15:36:07+00:00,b'Another clutch of positive corporate results lifting stock indices. United Airlines and Netflix report after the US\xe2\x80\xa6 https://t.co/OKXPwc8nts'
2021-10-19 15:19:35+00:00,b'@franz_kassa @EleniGabre @flyethiopian I guess it doesn\xe2\x80\x99t matter when #US #Airlines does it! #DeltaAir\xe2\x80\xa6 https://t.co/H409D6BW19'
2021-10-19 15:18:25+00:00,b'@only_awet @EleniGabre @flyethiopian I guess it doesn\xe2\x80\x99t matter when #US #Airlines does it! #DeltaAir\xe2\x80\xa6 https://t.co/f4kbqAQquP'
2021-10-19 15:00:21+00:00,b'Register NOW at https://t.co/j5QuDrT7RX &amp; receive entry to win wine donated by the #SVBTA Board.\n\nONE MORE DAY!! Re\xe2\x80\xa6 https://t.co/ND05HOpFVK'
2021-10-19 14:11:58+00:00,b'It\xe2\x80\x99s not even Wednesday! \xf0\x9f\x92\x95 #OnWednesdaysWeWearPink #BreastCancerAwarenessMonth #unitedAIRLINES #givecancertheboot\xe2\x80\xa6 https://t.co/nfG4GF6OcX'
2021-10-19 14:05:50+00:00,b'RT @TradersCom: Earnings AMC\nHow much will #SquidGames Boost $NFLX #Netflix \n+\n$ISRG Intuitive Surgical\n$CNI Canadian National Railway \n$OM\xe2\x80\xa6'
2021-10-19 13:55:49+00:00,b'Happy Tuesday!\n\n*Here Are My #Top5ThingsToKnowToday:\n\n- Stocks Set For Higher Open\n- #Netflix #johnsonandjohnson\xe2\x80\xa6 https://t.co/gSsZ0PlSgW'
2021-10-19 13:51:23+00:00,"b'Hope, Courage, Faith, Fight! Team EWR supports Breast Cancer Awareness every day!\n\n#Hope #Courage #Faith #Fight\xe2\x80\xa6 https://t.co/QoZf2rDuz5'"
2021-10-19 13:40:58+00:00,b'This is how EWR does it! \xf0\x9f\x92\x95how about you @KentJacobsIAD @iadsw #BreastCancerAwarenessMonth #givecancertheboot #ewr\xe2\x80\xa6 https://t.co/MknsTyX4G8'
2021-10-19 13:36:54+00:00,b'United poised to restart CPT\n\n#UnitedAirlines #CapeTown #SouthAfrica #airlines #airfreight \n\nhttps://t.co/IsPlWhvIcO'
2021-10-19 13:27:37+00:00,b'Earnings AMC\nHow much will #SquidGames Boost $NFLX #Netflix \n+\n$ISRG Intuitive Surgical\n$CNI Canadian National Rail\xe2\x80\xa6 https://t.co/bzl9uiSLaL'
2021-10-19 13:25:54+00:00,b'RT @srilughattu: United Airlines\xe2\x80\x99 direct flights between Bengaluru and San Francisco will take to the skies in May next year. Read details\xe2\x80\xa6'
2021-10-19 12:40:48+00:00,b'RT @AlternateTrader: The big airline #unitedAIRLINES releases quarterly #earnings at #market close today. \n\nThe Options AI website is proje\xe2\x80\xa6'
2021-10-19 12:40:43+00:00,b'The big airline #unitedAIRLINES releases quarterly #earnings at #market close today. \n\nThe Options AI website is pr\xe2\x80\xa6 https://t.co/Rf5lwiekD2'
2021-10-19 12:01:08+00:00,b'Busy Day day on the Ramp! \xe2\x9c\x88\xef\xb8\x8f\n\n- Like and share \xf0\x9f\x93\xa2\n- Join VirtualUA Today \xf0\x9f\x92\xbb\n\n\xf0\x9f\x93\xb8 : Alex W.\n\n#airport #airplane #avgeek\xe2\x80\xa6 https://t.co/1UPTgj9iSf'
2021-10-19 11:30:25+00:00,b'RT @srilughattu: United Airlines\xe2\x80\x99 direct flights between Bengaluru and San Francisco will take to the skies in May next year. Read details\xe2\x80\xa6'
2021-10-19 07:45:38+00:00,"b""I'm searching the whole house and can't find my shirt anywhere. You'd think I checked it with United Airlines! #UnitedAirlines"""
2021-10-19 06:21:37+00:00,b'RT @DENAirport: Taking off for the weekend like \xf0\x9f\x9b\xab \n\n#AVGeek #PlaneSpotting #UnitedAirlines https://t.co/VRqkwY4bE9'
2021-10-19 06:10:02+00:00,b'Inside United Airlines\xe2\x80\x99 Decision to Mandate Coronavirus Vaccines: https://t.co/CWdLiDosp6 via @NYTimes #Travel\xe2\x80\xa6 https://t.co/mYeugisRzy'
2021-10-19 06:05:34+00:00,b'RT @RamziMaaytah: good news #unitedAIRLINES announced direct filght to #Jordan from #Washington #DC in 2022 will boost American travel and\xe2\x80\xa6'
2021-10-19 06:04:37+00:00,b'\xf0\x9f\x87\xaa\xf0\x9f\x87\xba#EU indices look to a stronger start after a firm finish on Wall Street. \n\n\xf0\x9f\x93\xb1Big tech gained including Apple after\xe2\x80\xa6 https://t.co/2mqnRdwXXf'
2021-10-19 05:07:11+00:00,b'United Airlines\xe2\x80\x99 direct flights between Bengaluru and San Francisco will take to the skies in May next year. Read d\xe2\x80\xa6 https://t.co/mk4F5k2wXs'
2021-10-19 00:46:04+00:00,b'The ride home was so much \xe2\x80\x98fun\xe2\x80\x99. #unitedairlines #homesafe https://t.co/FkowFD2r83'
2021-10-18 22:38:57+00:00,"b""RT @librarian_ra: So this happened, and now it's time for a 777 party!\n.\n#b777 #postcards #UnitedAirlines #AirFrance #JapanAirlines #JAL #U\xe2\x80\xa6"""
2021-10-18 22:00:22+00:00,b'Register NOW at https://t.co/j5QuDrT7RX &amp; receive entry to win wine donated by the #SVBTA Board.\n\nRegister before 5\xe2\x80\xa6 https://t.co/kW8ffiDm73'
2021-10-18 22:00:01+00:00,"b""So this happened, and now it's time for a 777 party!\n.\n#b777 #postcards #UnitedAirlines #AirFrance #JapanAirlines\xe2\x80\xa6 https://t.co/x8LGCTgvqK"""
2021-10-18 21:54:03+00:00,"b'@thomaskaine5 Pulling away from the gate in Denver airport my #unitedAIRLINES pilot stopped the plane,\n "" Folks, we\xe2\x80\xa6 https://t.co/GY6RZdz3G7'"
2021-10-18 21:49:09+00:00,b'Never have i had such a bad experience for a flight. Smh #UnitedAIRLINES'
2021-10-18 21:31:19+00:00,b'Delay one more of my Lady\xe2\x80\x99s flight. Imma catch a flight to fuck y\xe2\x80\x99all up. #UnitedAirlines'
2021-10-18 21:15:01+00:00,b'RT @christy_h21: @USFWSRMA_Alert @9NEWS @CBSDenver @DENAirport \nDEN to DRO. Great shot of the prescribed burn after takeoff  #9News #aviati\xe2\x80\xa6'
2021-10-18 21:14:55+00:00,b'@USFWSRMA_Alert @9NEWS @CBSDenver @DENAirport \nDEN to DRO. Great shot of the prescribed burn after takeoff  #9News\xe2\x80\xa6 https://t.co/dQLsQWFRiV'
2021-10-18 21:07:58+00:00,b'good news #unitedAIRLINES announced direct filght to #Jordan from #Washington #DC in 2022 will boost American trave\xe2\x80\xa6 https://t.co/Itu9u6HFJV'
2021-10-18 20:11:24+00:00,b'@UnitedAirlines_ @CNN @donlemon @shaunking @macshawn100 @icecube @SnoopDogg this is one of the witnesses #viral\xe2\x80\xa6 https://t.co/Umq6Wn2jM0'
2021-10-18 20:00:43+00:00,b'CATIII Approach all the way! Nice one Captain \xe2\x9c\x88\xef\xb8\x8f\n\n- Like and share \xf0\x9f\x93\xa2\n- Join VirtualUA Today \xf0\x9f\x92\xbb\n\n\xf0\x9f\x93\xb8 : Deonte P.\xe2\x80\xa6 https://t.co/fZNFDX3PJ5'
2021-10-18 19:38:01+00:00,b'RT @SVBTA: Buyers - register NOW &amp; receive complimentary entry.\n\nMust email svbta@svbta.org to receive a code. Questions? Email vicepreside\xe2\x80\xa6'
2021-10-18 19:00:10+00:00,b'Buyers - register NOW &amp; receive complimentary entry.\n\nMust email svbta@svbta.org to receive a code. Questions? Emai\xe2\x80\xa6 https://t.co/kELw79po03'
2021-10-18 17:48:44+00:00,b'Fly time for humboldt county with 5 destinations and 3 airlines. Lucky us. #americanairlines #avelo #unitedairlines https://t.co/nyetIV3icz'
2021-10-18 17:39:36+00:00,b'ICAO: AC04C5\nFlt: N87367 #UNITEDAIRLINES\nFirst seen: 2021/10/18 13:37:09\nMin Alt: 4125 ft\nMin Dist: 8.8 nm\xe2\x80\xa6 https://t.co/RfRyCEGXMq'
2021-10-18 17:35:17+00:00,"b""[#UnitedAirlines] Four Polaris Lounges Set To Open In 2021 - Live and Let's Fly https://t.co/O8zp5fOtAj"""
2021-10-18 17:00:22+00:00,"b'[#UnitedAirlines] Upgauges Sydney to Los Angeles, San Francisco with Boeing 777 - Executive Traveller https://t.co/2hMwGudnc3'"
2021-10-18 16:53:55+00:00,b'For tomorrow #earnings I am also eyeing #unitedAIRLINES which declares after #market close.\n\nThe $UAL stock is\xe2\x80\xa6 https://t.co/1byeNYfpR4'
2021-10-18 16:17:13+00:00,"b'UA4320 - Incident: Commut E145 at Houston on Oct 17th 2021, bird strike https://t.co/zYdSLKmy1p #flight #incident\xe2\x80\xa6 https://t.co/hiuUtORzZ9'"
2021-10-18 15:58:56+00:00,b'When you\xe2\x80\x99re flying first class\xe2\x80\xa6it\xe2\x80\x99s the finer details that make it so special. \xf0\x9f\x98\x90#unitedairlines #firstclass\xe2\x80\xa6 https://t.co/3wOZfjhadT'
2021-10-18 15:08:05+00:00,b'Morning commute #LAX - #ORD \xe2\x9c\x88\xef\xb8\x8f #unitedairlines #jetset https://t.co/yIuz3NcZL1'
2021-10-18 15:00:32+00:00,b'A good day for MAX Monday \xf0\x9f\x98\x8d Got a good look at @united Boeing 737 MAX 8 @cfmengines LEAP 1B Engines at #OSH21 \xf0\x9f\x92\xaf\xe2\x80\xa6 https://t.co/aHjViGKC6v'
2021-10-18 14:43:42+00:00,"b""RT @StevenWMosher: I'm a million mile flier on #unitedAIRLINES but if #SouthwestEmployees win their fight against the unconstitutional JB m\xe2\x80\xa6"""
2021-10-18 14:00:43+00:00,b'SVBTA Online Auction is  OPEN! \n\nEnjoy EARLY bidding: https://t.co/cxh7NGBHX4\n\nEvent registration not required for\xe2\x80\xa6 https://t.co/CrkJ8ZPWRM'
2021-10-18 13:34:31+00:00,b'@chris_notcapn Wow\nFlight attendants are the new mental asylum warden of the nation\n#airtravel  and airborne\xe2\x80\xa6 https://t.co/PXNXW8BHgU'
2021-10-18 12:44:11+00:00,"b'#UAL892 N29968 Boeing 787 9 United Airlines: 15.5 mi away @ 37975 ft and 25.0\xc2\xb0 frm hrzn, heading E @ 695.3mi/h 03:4\xe2\x80\xa6 https://t.co/3TS4sHTf28'"
2021-10-18 12:22:27+00:00,"b'#UAL59 (B77W): #FRA (Frankfurt am Main) to #SFO (San Francisco, CA). 0.1 mi away @ 32000 ft, heading NW @ 458.0kts\xe2\x80\xa6 https://t.co/mcXwFqkdaP'"
2021-10-18 12:00:42+00:00,"b""We're boarding for another Monday Departure! \xe2\x9c\x88\xef\xb8\x8f\n\n- Like and share \xf0\x9f\x93\xa2\n- Join VirtualUA Today \xf0\x9f\x92\xbb\n\n\xf0\x9f\x93\xb8 : Ryan M.\n\n#airport\xe2\x80\xa6 https://t.co/A2xYmE2UZN"""
2021-10-18 11:20:22+00:00,"b'United Airlines Workers: 97% get Poked, Air Canada begs the U.S., Qatar Chins, MORE\xe2\x80\xa6 https://t.co/xOqHoUtzeY\xe2\x80\xa6 https://t.co/rYkmDeFUMT'"
2021-10-18 07:59:49+00:00,b'Federal Judge in Texas Halts United Airlines\xe2\x80\x99 Enforcement of Employee Vaccine Mandate\n#unitedAIRLINES #united\xe2\x80\xa6 https://t.co/5JSB0F1N1h'
2021-10-18 05:54:10+00:00,b'RT @DENAirport: Taking off for the weekend like \xf0\x9f\x9b\xab \n\n#AVGeek #PlaneSpotting #UnitedAirlines https://t.co/VRqkwY4bE9'
2021-10-18 03:46:19+00:00,"b""RT @StevenWMosher: I'm a million mile flier on #unitedAIRLINES but if #SouthwestEmployees win their fight against the unconstitutional JB m\xe2\x80\xa6"""
2021-10-18 03:44:09+00:00,b'RT @librarian_ra: Widebody Wednesday - United DC-10 postcard. \n.\n.\n#ephemera #airplane #avgeek #avgeeks #aviation #travel #postcards #postc\xe2\x80\xa6'
2021-10-18 03:26:02+00:00,b'*Here Are My #Top5ThingsToKnowThisWeek:\n\n- Q3 Earnings Season Kicks Into High Gear\n- #Tesla #Netflix #Intel #IBM Ea\xe2\x80\xa6 https://t.co/NHFnEi36PR'
2021-10-18 02:29:27+00:00,"b'@lastminute_com faces legal battle over unpaid refunds, Mt Kilimanjaro used as symbol that #Africa tourism is safe,\xe2\x80\xa6 https://t.co/FJ2OD5x7tk'"
2021-10-18 02:29:18+00:00,"b""RT @StevenWMosher: I'm a million mile flier on #unitedAIRLINES but if #SouthwestEmployees win their fight against the unconstitutional JB m\xe2\x80\xa6"""
2021-10-17 23:43:21+00:00,"b'I tell ya what, I\xe2\x80\x99m so used to seeing @united \xe2\x80\x98s babyBus A319\xe2\x80\x99s I was startled to see the extra length of this well\xe2\x80\xa6 https://t.co/hwoICEJ9pv'"
2021-10-17 23:03:20+00:00,b'Amazing #rainbow over #newyork #Manhattan flying into #Newark on #unitedairlines https://t.co/22WlFKwZdo'
2021-10-17 22:05:37+00:00,b'Great customer service at gate by United Agents Meseret and Daniel United Flight 2268 to Orlando. Great communicati\xe2\x80\xa6 https://t.co/XZrTOBgC7G'
2021-10-17 21:56:28+00:00,b'RT @DENAirport: Taking off for the weekend like \xf0\x9f\x9b\xab \n\n#AVGeek #PlaneSpotting #UnitedAirlines https://t.co/VRqkwY4bE9'
2021-10-17 21:02:33+00:00,"b'Congrats To the girl talking to me about her Vikings frustrations on the plane today. Although, I bet that win is n\xe2\x80\xa6 https://t.co/RF1x6kfgKS'"
2021-10-17 20:23:27+00:00,"b""RT @librarian_ra: So this happened, and now it's time for a 767 party!\n.\n#b767 #postcards #DeltaAirlines #AirCanada #UnitedAirlines https:/\xe2\x80\xa6"""
2021-10-17 20:23:08+00:00,"b'RT @CarryUrCross: The face of a angry, resentful, prideful and compromised man...\n\n#JoeBiden #ANGRY #Offended #DontBeThatGuy #hellobrandon\xe2\x80\xa6'"
2021-10-17 20:00:14+00:00,b'Nonstop Flying Dawn to Dusk! \xe2\x9c\x88\xef\xb8\x8f\n\n- Like and share \xf0\x9f\x93\xa2\n- Join VirtualUA Today \xf0\x9f\x92\xbb\n\n\xf0\x9f\x93\xb8 : Mike O.\n\n#airport #airplane\xe2\x80\xa6 https://t.co/yZDn4ehIMz'
2021-10-17 19:40:11+00:00,"b'RT @tonylyle: It\xe2\x80\x99s now only two weeks until I take my @united million-mile flight, to make me a #millionmiler. Thanks, @united for the ride\xe2\x80\xa6'"
2021-10-17 18:15:56+00:00,"b'@monicaonairtalk @Delta Good, perhaps they would be happier working elsewhere. I will not fly #Delta again until th\xe2\x80\xa6 https://t.co/ZpTbqGyyIs'"
2021-10-17 17:44:14+00:00,b'United Airlines Announces Largest Transatlantic Expansion in its History Including 10 New Flights\xe2\x80\xa6 https://t.co/TQ2cj8uTbt'
2021-10-17 17:41:49+00:00,b'#unitedAIRLINES #UA2112 to Newark from Jacksonville tried to land twice and had to pull up twice due to \xe2\x80\x9cunstable l\xe2\x80\xa6 https://t.co/Ux4D2lWchf'
2021-10-17 17:27:40+00:00,b'United MileagePlus Visa Members Get Bonuses for Supporting Hunger Relief https://t.co/4he8WS1JTB #unitedairlines https://t.co/QIkwfaUbO1'
2021-10-17 16:39:31+00:00,"b'#unitedairlines What is the point of having a ""strict"" mask policy if no one bothers to enforce it as currently see\xe2\x80\xa6 https://t.co/xTdAi3Xq7u'"
2021-10-17 16:01:36+00:00,b'Did you know your next #airline flight could leave early? #Delta #UnitedAirlines #AmericanAirlines #travel https://t.co/S74ZF8bWsK'
2021-10-17 15:23:03+00:00,b'@davenewworld_2 Flight attendants do not need to deal with this at all. \nWhere can I apply to ride from city to cit\xe2\x80\xa6 https://t.co/TY290yMEgP'
2021-10-17 15:10:11+00:00,"b'@AaronParnas Again, thanks #SouthwestAirlines, #UnitedAirlines, #JetBlue &amp; #AlaskaAirlines. #JustGetVaccinated!'"
2021-10-17 14:54:38+00:00,b'#unitedAIRLINES Thanks for leaving my son standed in Houston. Over 500 miles away from his destination. He finally\xe2\x80\xa6 https://t.co/Ve0rgtEpRo'
2021-10-17 14:20:51+00:00,b'Veterans Advantage discount\n\nairline: United Airlines\ntype: Veterans promotion\nbenefit: 5% flights discount plus un\xe2\x80\xa6 https://t.co/89r4lvprBM'
2021-10-17 14:00:17+00:00,"b""The fun doesn't end here, Push Back time! \xe2\x9c\x88\xef\xb8\x8f\n\n- Like and share \xf0\x9f\x93\xa2\n- Join VirtualUA Today \xf0\x9f\x92\xbb\n\n\xf0\x9f\x93\xb8 : Richard T.\n\n#airport\xe2\x80\xa6 https://t.co/QyHJlaXgmD"""
2021-10-17 13:27:39+00:00,b'RT @DENAirport: Taking off for the weekend like \xf0\x9f\x9b\xab \n\n#AVGeek #PlaneSpotting #UnitedAirlines https://t.co/VRqkwY4bE9'
2021-10-17 12:54:02+00:00,"b""A #maskless #UnitedAirlines #passenger was kicked off his flight after threatening to break someone's neck\nhttps://t.co/kOZgPiAkvE"""
2021-10-17 12:08:11+00:00,b'ICAO: #A31A76\nFlt: #UAL47 #UnitedAirlines\nFirst seen: 2021/10/17 14:07:35\nMin Alt: 11675 ft MSL\nMin Dist: 2.9 km\xe2\x80\xa6 https://t.co/Ud5BDFHRPv'
2021-10-17 11:45:21+00:00,b'RT @politstrip: No jabs? No masks. No problem! \n\n#FTA response to demand for  freedom in travel \n\n#airlines #vaccinemandates #DeltaAirlines\xe2\x80\xa6'
2021-10-17 10:38:26+00:00,b'For two days #UnitedAirlines canceled its flights from Delhi to San Francisco. That too after making passengers wai\xe2\x80\xa6 https://t.co/HBvcsosaFv'
2021-10-17 10:00:08+00:00,b'RT @SurfnSunshine: RT @TravelEsquire: United \xe2\x9c\x88\xef\xb8\x8f just gave flyers a very exciting #Polaris retrofit update https://t.co/PqdwuaHGqe #Travel #\xe2\x80\xa6'
2021-10-17 08:24:10+00:00,b'Never flying United Airlines again.https://t.co/w4eiq3mUQ3 #fjb #letsgobrandon #UnitedAirlines'
2021-10-17 07:51:11+00:00,b'RT @TravelEsquire: United \xe2\x9c\x88\xef\xb8\x8f just gave flyers a very exciting #Polaris retrofit update https://t.co/yWxw4Ebb78 #Travel #BusinessTravel #Lux\xe2\x80\xa6'
2021-10-17 07:46:41+00:00,"b'Note to self, never book a joint #unitedAIRLINES / #Lufthansa flight.  If anything goes wrong they just pass you ba\xe2\x80\xa6 https://t.co/l2KWWWtJAW'"
2021-10-17 07:41:13+00:00,"b'The face of a angry, resentful, prideful and compromised man...\n\n#JoeBiden #ANGRY #Offended #DontBeThatGuy\xe2\x80\xa6 https://t.co/5RPXRFzfRM'"
2021-10-17 07:37:45+00:00,b'RT @TravelEsquire: United \xe2\x9c\x88\xef\xb8\x8f just gave flyers a very exciting #Polaris retrofit update https://t.co/PqdwuaHGqe\xe2\x80\xa6 https://t.co/4r3gYltqOf'
2021-10-17 07:37:05+00:00,b'United \xe2\x9c\x88\xef\xb8\x8f just gave flyers a very exciting #Polaris retrofit update https://t.co/yWxw4Ebb78 #Travel #BusinessTravel\xe2\x80\xa6 https://t.co/b7Y8746o8D'
2021-10-17 07:30:46+00:00,b'ICAO: #A34358\nFlt: #UAL905 #UnitedAirlines\nFirst seen: 2021/10/17 09:29:15\nMin Alt: 11175 ft MSL\nMin Dist: 2.2 km\xe2\x80\xa6 https://t.co/5Gmi2E67yi'
2021-10-17 07:13:59+00:00,b'RT @TravelEsquire: #UnitedAirlines just revealed the reopening timeline for its #Polaris Lounges https://t.co/ynqrj9iMCS #businesstravel #a\xe2\x80\xa6'
2021-10-17 06:32:14+00:00,b'United Airlines to Launch Largest Domestic Schedule Since March 2020 https://t.co/lvdRYdmWzc #unitedairlines https://t.co/eK2J6Rp9Nd'
2021-10-17 04:36:18+00:00,"b""@RealCandaceO @Delta @AmericanAir @SouthwestAir don't forget #unitedAIRLINES they were the first to throw their employees under the bus"""
2021-10-17 04:24:13+00:00,b'United Airlines Becomes First Airline to Introduce PayPal QR Codes as Inflight Payment Option\xe2\x80\xa6 https://t.co/bi0O5dtqpr'
2021-10-17 03:44:59+00:00,"b'RT @tonylyle: It\xe2\x80\x99s now only two weeks until I take my @united million-mile flight, to make me a #millionmiler. Thanks, @united for the ride\xe2\x80\xa6'"
2021-10-17 03:32:38+00:00,"b""RT @librarian_ra: So this happened, and now it's time for a 767 party!\n.\n#b767 #postcards #DeltaAirlines #AirCanada #UnitedAirlines https:/\xe2\x80\xa6"""
2021-10-17 02:51:34+00:00,"b'RT @tonylyle: It\xe2\x80\x99s now only two weeks until I take my @united million-mile flight, to make me a #millionmiler. Thanks, @united for the ride\xe2\x80\xa6'"
2021-10-17 02:49:35+00:00,b'@RealCandaceO @Delta @AmericanAir @SouthwestAir Include #UnitedAirlines they just been canceled flights...'
2021-10-17 01:13:36+00:00,b'Every damn time I take United out of Newark I get screwed over! This is why I should ALWAYS fly @SouthwestAir\xe2\x80\xa6 https://t.co/9WuWaxcHjL'
2021-10-17 00:41:34+00:00,b'RT @politstrip: No jabs? No masks. No problem! \n\n#FTA response to demand for  freedom in travel \n\n#airlines #vaccinemandates #DeltaAirlines\xe2\x80\xa6'
2021-10-17 00:40:43+00:00,"b'@united after being on hold without a resolution for almost an hour, your agent literally never came back to FIX A\xe2\x80\xa6 https://t.co/JR96bD40kO'"
2021-10-16 23:29:03+00:00,"b'RT @katja_gq: Now trending on iTunes, Spotify. With people worrying to lose their jobs, and dark times ahead this is my new theme song \xf0\x9f\x8e\xb5 \xf0\x9f\x94\xa5\xf0\x9f\x8e\xb5\xe2\x80\xa6'"
2021-10-16 23:11:06+00:00,"b'RT @tonylyle: It\xe2\x80\x99s now only two weeks until I take my @united million-mile flight, to make me a #millionmiler. Thanks, @united for the ride\xe2\x80\xa6'"
2021-10-16 22:13:51+00:00,"b'If you want to reach your destination, follow your heart \xe2\x9d\xa4\xef\xb8\x8f #AMCQueen #traveler #wanderlust #unitedairlines\xe2\x80\xa6 https://t.co/cFmJL4T070'"
2021-10-16 21:51:13+00:00,b'#unitedairlines Has lost @OwenSimmons15\xe2\x80\x99s hockey sticks\xe2\x80\xa6 we have been told to rent a hockey stick for his game. Can\xe2\x80\xa6 https://t.co/TVHvlnEuJC'
2021-10-16 21:33:40+00:00,"b'United adds NEW service to Jordon, Norway, Azores, Mallorca and Tenerife which begins in Spring 2022.  Time to pack\xe2\x80\xa6 https://t.co/AufpBm1hkF'"
2021-10-16 21:22:51+00:00,b'Keep it going!!!!!\n@DeltaAirLlnes #SouthwestAirlines #unitedAIRLINES https://t.co/T0VL2C4sF8'
2021-10-16 21:22:20+00:00,b'RT @JamesAHeinz1: Fly #Delta that is all!  Grow a set of balls  #AmericanAirlines #SouthwestAirlines #UnitedAirlines #NoMandatoryVaccines'
2021-10-16 21:19:56+00:00,"b""So this happened, and now it's time for a 767 party!\n.\n#b767 #postcards #DeltaAirlines #AirCanada #UnitedAirlines https://t.co/YdsjKS92an"""
2021-10-16 21:19:49+00:00,b'Ok #billsmafia @Twitter @UnltedAirlines let\xe2\x80\x99s find her bag! #GoBills #unitedAIRLINES https://t.co/znefgfP4Oe'
2021-10-16 21:07:08+00:00,"b'@Trevornoah My wife and I determined to not let it ruin her b-day weekend, but it sucked to be forced to scramble t\xe2\x80\xa6 https://t.co/E33slT3PNg'"
2021-10-16 20:34:40+00:00,b'Has anyone had a positive #UnitedAirlines experience?\nEver?'
2021-10-16 20:00:19+00:00,b'No jabs? No masks. No problem! \n\n#FTA response to demand for  freedom in travel \n\n#airlines #vaccinemandates\xe2\x80\xa6 https://t.co/dpS2rhIL0b'
2021-10-16 19:18:26+00:00,b'\xe2\x81\xa6@united\xe2\x81\xa9 goes big: Announces 10 new International Routes including 5 new destinations\n\n#united #unitedairlines\xe2\x80\xa6 https://t.co/TQ3UYEk4rq'
2021-10-16 19:15:01+00:00,b'RT @Airspotters: NEW model arrivals at https://t.co/0tTSnp3dFv  - https://t.co/7L040YuZMo #polar #boeing747 #inflight200 #americanairlines\xe2\x80\xa6'
2021-10-16 19:14:45+00:00,b'NEW model arrivals at https://t.co/0tTSnp3dFv  - https://t.co/7L040YuZMo #polar #boeing747 #inflight200\xe2\x80\xa6 https://t.co/XYKzwBnhnO'
2021-10-16 18:57:29+00:00,"b""Now Delta CEO says there's no vax mandate, we will support Delta. I thought they would come through.\n\nThat POS Unit\xe2\x80\xa6 https://t.co/yn4KsJHO98"""
2021-10-16 18:53:53+00:00,b'RT @808Bloom: Boeing Workers Stage Protest Over Vaccine Mandate https://t.co/KUXtB7SYi8 via @YouTube @SaltyCracker9 #Boeing #UnitedAirlines\xe2\x80\xa6'
2021-10-16 18:32:25+00:00,b'Fly #Delta that is all!  Grow a set of balls  #AmericanAirlines #SouthwestAirlines #UnitedAirlines #NoMandatoryVaccines'
2021-10-16 18:23:13+00:00,b'RT @DENAirport: Taking off for the weekend like \xf0\x9f\x9b\xab \n\n#AVGeek #PlaneSpotting #UnitedAirlines https://t.co/VRqkwY4bE9'
2021-10-16 18:21:47+00:00,"b""New Blog Post: Federal Judge Temporarily Halts Enforcement of United Airlines' Vaccine Mandate: What Does This Mean\xe2\x80\xa6 https://t.co/zlF5JSjG2W"""
2021-10-16 18:19:38+00:00,b'More flight delays. More hopping from hub to hub. More rerouting. More Starbucks. \n\n#standbylife #wanderer\xe2\x80\xa6 https://t.co/zzx9SZz9ND'
2021-10-16 17:53:34+00:00,b'Boeing Workers Stage Protest Over Vaccine Mandate https://t.co/KUXtB7SYi8 via @YouTube @SaltyCracker9 #Boeing\xe2\x80\xa6 https://t.co/piz8BGTX3B'
2021-10-16 17:25:11+00:00,b'RT @DENAirport: Taking off for the weekend like \xf0\x9f\x9b\xab \n\n#AVGeek #PlaneSpotting #UnitedAirlines https://t.co/VRqkwY4bE9'
2021-10-16 16:30:00+00:00,b'#AirlineNews\n#UnitedAirlines announced 5 new exciting destinations that no other North American carrier serves: Amm\xe2\x80\xa6 https://t.co/OiZAiL7Jjx'
2021-10-16 16:06:42+00:00,"b'RT @katherineeeeee2: EXCLUSIVE - A judge issued a Temporary Restraining Order Against #UnitedAirlines, blocking the airline from imposing i\xe2\x80\xa6'"
2021-10-16 16:06:11+00:00,"b'United plans major expansion of services, to add 10 new flights and five new destinations debuting Summer 2022\xe2\x80\xa6 https://t.co/gGyu2NIlw5'"
2021-10-16 15:48:00+00:00,b'ICAO: #A913D6\nFlt: #UAL814 #UnitedAirlines\nFirst seen: 2021/10/16 17:46:31\nMin Alt: 10175 ft MSL\nMin Dist: 2.0 km\xe2\x80\xa6 https://t.co/dkSDHqPwnz'
2021-10-16 15:38:10+00:00,"b'RT @tonylyle: It\xe2\x80\x99s now only two weeks until I take my @united million-mile flight, to make me a #millionmiler. Thanks, @united for the ride\xe2\x80\xa6'"
2021-10-16 13:55:47+00:00,b'RT @DENAirport: Taking off for the weekend like \xf0\x9f\x9b\xab \n\n#AVGeek #PlaneSpotting #UnitedAirlines https://t.co/VRqkwY4bE9'
2021-10-16 13:53:00+00:00,b'RT @travelobiz: United Airlines To Start Daily Flights Between Bengaluru and San Francisco Starting 26 May 2022\n\n#Airlines #Aviation #Benga\xe2\x80\xa6'
2021-10-16 13:46:29+00:00,b'Airline Industry gross profit comparison. 3 out of 4 are negative.\xf0\x9f\x98\xa2 $DAL $LUV $UAL $AAL \n\n#deltaairlines\xe2\x80\xa6 https://t.co/SVaxHbHs4H'
2021-10-16 13:10:00+00:00,"b'It\xe2\x80\x99s now only two weeks until I take my @united million-mile flight, to make me a #millionmiler. Thanks, @united fo\xe2\x80\xa6 https://t.co/wi9jZl1iqY'"
2021-10-16 12:39:59+00:00,b'ICAO: #A4095F\nFlt: #UAL906 #UnitedAirlines\nFirst seen: 2021/10/16 14:38:09\nMin Alt: 10425 ft MSL\nMin Dist: 2.4 km\xe2\x80\xa6 https://t.co/nfXvuYAr8s'
2021-10-16 12:38:53+00:00,b'RT @DENAirport: Taking off for the weekend like \xf0\x9f\x9b\xab \n\n#AVGeek #PlaneSpotting #UnitedAirlines https://t.co/VRqkwY4bE9'
2021-10-16 12:35:36+00:00,b'RT @DENAirport: Taking off for the weekend like \xf0\x9f\x9b\xab \n\n#AVGeek #PlaneSpotting #UnitedAirlines https://t.co/VRqkwY4bE9'
2021-10-16 12:29:14+00:00,"b'United Plans Largest #Transatlantic Expansion in its History, Including 10 New Flights and Five New Destinations De\xe2\x80\xa6 https://t.co/XMHBlA2Caq'"
2021-10-16 11:58:37+00:00,b'ICAO: #A254D8\nFlt: #UAL47 #UnitedAirlines\nFirst seen: 2021/10/16 13:56:56\nMin Alt: 8775 ft MSL\nMin Dist: 0.4 km\xe2\x80\xa6 https://t.co/ymmQ2UeTMA'
2021-10-16 11:53:18+00:00,b'ICAO: #A0A545\nFlt: #UAL988 #UnitedAirlines\nFirst seen: 2021/10/16 13:52:03\nMin Alt: 10400 ft MSL\nMin Dist: 2.5 km\xe2\x80\xa6 https://t.co/cjh8oRR8EH'
2021-10-16 11:50:47+00:00,b'RT @DENAirport: Taking off for the weekend like \xf0\x9f\x9b\xab \n\n#AVGeek #PlaneSpotting #UnitedAirlines https://t.co/VRqkwY4bE9'
2021-10-16 11:29:57+00:00,b'RT @TraderStef: #InformedConsent2 #VaccineMandate Judge blocks #UnitedAirlines from suspending employees over vaccine mandate https://t.co/\xe2\x80\xa6'
2021-10-16 11:26:20+00:00,b'RT @TraderStef: #InformedConsent2 #VaccineMandate Judge blocks #UnitedAirlines from suspending employees over vaccine mandate https://t.co/\xe2\x80\xa6'
2021-10-16 11:19:29+00:00,b'RT @DENAirport: Taking off for the weekend like \xf0\x9f\x9b\xab \n\n#AVGeek #PlaneSpotting #UnitedAirlines https://t.co/VRqkwY4bE9'
2021-10-16 10:22:45+00:00,b'RT @TraderStef: #InformedConsent2 #VaccineMandate Judge blocks #UnitedAirlines from suspending employees over vaccine mandate https://t.co/\xe2\x80\xa6'
2021-10-16 10:11:41+00:00,b'#InformedConsent2 #VaccineMandate Judge blocks #UnitedAirlines from suspending employees over vaccine mandate https://t.co/W1fZo3xp56'
2021-10-16 09:31:52+00:00,"b'Heartwarming #UnitedAirlines advert from 1991, featuring the familiar voice of Hollywood legend Gene Hackman and Ge\xe2\x80\xa6 https://t.co/05KL8OSLoZ'"
2021-10-16 08:23:53+00:00,b'@LASairport what is going on?  We are stuck on United flight UA2620.  Let us out of the plane!  This is getting rid\xe2\x80\xa6 https://t.co/XKpoxeW64d'
2021-10-16 08:21:50+00:00,"b'Wow, @United just let us off the plane; COVID is real. This is one way to travel to #LasVegas, we got us packed in\xe2\x80\xa6 https://t.co/uWluog1H0s'"
2021-10-16 08:02:25+00:00,b'RT @diecastryan: A United 787 landing below us at Dulles. This video was taken with guidance and approval from both ATC and the pilots. #Un\xe2\x80\xa6'
2021-10-16 07:35:40+00:00,b'RT @DENAirport: Taking off for the weekend like \xf0\x9f\x9b\xab \n\n#AVGeek #PlaneSpotting #UnitedAirlines https://t.co/VRqkwY4bE9'
2021-10-16 07:20:14+00:00,b'@aldersonjackson @MD80com @zvzamora @Ramivipsagel @nursebinky @javalavamanila @TigerbasRichard @musikerong\xe2\x80\xa6 https://t.co/ctlrE1N6dl'
2021-10-16 06:50:02+00:00,b'Judge Orders United Airlines Not to Put Workers Seeking Vaccine Mandate Exception on Leave https://t.co/uJL5AmN9t7\xe2\x80\xa6 https://t.co/vNoKbABFET'
2021-10-16 05:12:07+00:00,b'I know you\xe2\x80\x99re good but \xe2\x80\xa6flying back in time? \xf0\x9f\xa4\x94\xf0\x9f\x98\x89 Need you to help us get to our destination in time for my birthday\xe2\x80\xa6 https://t.co/3E755fZQD3'
2021-10-16 04:30:14+00:00,b'- #UnitedAirlines largest transatlantic expansion: 10 new flights &amp; 5 new destinations.\n- #UK ditches PCR tests for\xe2\x80\xa6 https://t.co/JpiVwLhIB0'
2021-10-16 04:17:58+00:00,b'@moarliberaltea1 @TXforVaxChoice Hold the line! \n\n#Southwestpilots \n#AmericanAirlines \n#unitedAIRLINES'
2021-10-16 03:44:34+00:00,b'RT @travelobiz: United Airlines To Start Daily Flights Between Bengaluru and San Francisco Starting 26 May 2022\n\n#Airlines #Aviation #Benga\xe2\x80\xa6'
2021-10-16 03:32:54+00:00,b'RT @travelobiz: United Airlines To Start Daily Flights Between Bengaluru and San Francisco Starting 26 May 2022\n\n#Airlines #Aviation #Benga\xe2\x80\xa6'
2021-10-16 03:30:01+00:00,b'RT @travelobiz: United Airlines To Start Daily Flights Between Bengaluru and San Francisco Starting 26 May 2022\n\n#Airlines #Aviation #Benga\xe2\x80\xa6'
2021-10-16 03:29:25+00:00,b'RT @travelobiz: United Airlines To Start Daily Flights Between Bengaluru and San Francisco Starting 26 May 2022\n\n#Airlines #Aviation #Benga\xe2\x80\xa6'
2021-10-16 03:18:06+00:00,b'RT @DENAirport: Taking off for the weekend like \xf0\x9f\x9b\xab \n\n#AVGeek #PlaneSpotting #UnitedAirlines https://t.co/VRqkwY4bE9'
2021-10-16 02:32:23+00:00,b'RT @DENAirport: Taking off for the weekend like \xf0\x9f\x9b\xab \n\n#AVGeek #PlaneSpotting #UnitedAirlines https://t.co/VRqkwY4bE9'
2021-10-15 23:08:50+00:00,b'RT @DENAirport: Taking off for the weekend like \xf0\x9f\x9b\xab \n\n#AVGeek #PlaneSpotting #UnitedAirlines https://t.co/VRqkwY4bE9'
2021-10-15 23:01:27+00:00,b'RT @DENAirport: Taking off for the weekend like \xf0\x9f\x9b\xab \n\n#AVGeek #PlaneSpotting #UnitedAirlines https://t.co/VRqkwY4bE9'
2021-10-15 23:00:12+00:00,b'Taking off for the weekend like \xf0\x9f\x9b\xab \n\n#AVGeek #PlaneSpotting #UnitedAirlines https://t.co/VRqkwY4bE9'
2021-10-15 22:01:29+00:00,"b""Well @united you suck.  \nDay 14 (hours of calls) and you still haven't found our luggage.\nYou lost it on the way to\xe2\x80\xa6 https://t.co/cmVyPXCP5A"""
2021-10-15 22:00:09+00:00,b'Register NOW at https://t.co/j5QuDrT7RX &amp; receive entry to win wine donated by the #SVBTA Board.\n\nRegister before 5\xe2\x80\xa6 https://t.co/0gSpLzg51X'
2021-10-15 20:38:44+00:00,b'RT @diecastryan: A United 787 taking off from Dulles! #unitedairlines #boeing787 #aviation #avgeek #aerialphotography #airplane #dulles htt\xe2\x80\xa6'
2021-10-15 20:10:24+00:00,b'No wonder he bangs with #UnitedAirlines so hard. He\xe2\x80\x99s an over 2 million miler.'
2021-10-15 19:53:54+00:00,b'United BLOCKED From Imposing Vaccine Mandate https://t.co/1s0J1nvvud #Religiousexemption #UnitedAirlines #vaccinemandate'
2021-10-15 19:37:26+00:00,b'RT @TravelEsquire: #UnitedAirlines just revealed the reopening timeline for its #Polaris Lounges\xe2\x80\xa6 https://t.co/olDkiq3YDZ'
2021-10-15 19:15:07+00:00,b'#UnitedAirlines just revealed the reopening timeline for its #Polaris Lounges https://t.co/ynqrj9iMCS\xe2\x80\xa6 https://t.co/wOgvWymWGi'
2021-10-15 19:00:06+00:00,b'Buyers - register NOW &amp; receive complimentary entry.\n\nMust email svbta@svbta.org to receive a code. Questions? Emai\xe2\x80\xa6 https://t.co/8xDYUazmXa'
2021-10-15 18:23:44+00:00,"b'RT @PartTime_NYer: .@UnitedAirlines_  my flight was cancelled due to ""bad weather"" so I had to pay an extra $300+ to extend my car rental j\xe2\x80\xa6'"
2021-10-15 18:23:41+00:00,b'RT @financialbuzz: United Airlines to Expand Domestic Flights Amid Holiday Travel\n\n#AirlineIndustry #CoronaVirus #COVID19 #DomesticFlight #\xe2\x80\xa6'
2021-10-15 18:22:31+00:00,b'United Airlines to Expand Domestic Flights Amid Holiday Travel\n\n#AirlineIndustry #CoronaVirus #COVID19\xe2\x80\xa6 https://t.co/nbmjaPwR78'
2021-10-15 18:21:51+00:00,b'Fire &amp; Ice \n\n.\n.\n.\n#jrissaphotography #unitedairlines #wings #flight #sky #dusk #shotoniphone https://t.co/qGPdgIrZpW'
2021-10-15 18:19:24+00:00,"b'.@UnitedAirlines_  my flight was cancelled due to ""bad weather"" so I had to pay an extra $300+ to extend my car ren\xe2\x80\xa6 https://t.co/36u5tvJu5x'"
2021-10-15 17:51:21+00:00,"b'Hey #UnitedAirlines it is frigging impossible to scan a #Canadian passport with your travel ready app, just to be a\xe2\x80\xa6 https://t.co/svFYWf2ZPo'"
2021-10-15 17:36:56+00:00,b'Biden touts 100% U.S. vaccination rate as all non-vaxxed citizens sent to Guam. Related: New commission proposed to\xe2\x80\xa6 https://t.co/zJoBAETGsE'
2021-10-15 16:50:41+00:00,b'Ever had the captain hit the breaks on takeoff at 100mph? Thanks captain &amp; United for making the best of a challeng\xe2\x80\xa6 https://t.co/iXjnhjUYtR'
2021-10-15 16:21:19+00:00,b'For All Those Fighting #VaccineMandates                            #UnitedAirlines https://t.co/PSHUtOFobe'
2021-10-15 16:16:22+00:00,"b'UA4791 - Incident: Skywest CRJ7 at Aspen on Oct 13th 2021, bird strike https://t.co/85vqqTbtvp #flight #incident\xe2\x80\xa6 https://t.co/RKabR7mJIq'"
2021-10-15 15:06:59+00:00,b'The single best thing about flying United is O\xe2\x80\x99Hare Airport - Terminal C - Food Court - Billy Goat Tavern - Steak E\xe2\x80\xa6 https://t.co/WnmOYrX930'
2021-10-15 15:00:27+00:00,"b'Register now!\nhttps://t.co/j5QuDrT7RX\n\nOct 28, 2021\n 5:30pm-8:30pm\nAuto Vino -Menlo Park\n\nTitle Sponsors #IHG\xe2\x80\xa6 https://t.co/LClKD9RMrR'"
2021-10-15 14:02:35+00:00,b'@ChickFrmOntario YES!! I have nothing against the vaccine but I definitely am against someone telling me/ forcing m\xe2\x80\xa6 https://t.co/jZkSeUBIv2'
2021-10-15 14:02:25+00:00,b'Nothing like a person who loves their job. This guy is the best! #unitedAIRLINES https://t.co/01NE1Yaz6r'
2021-10-15 13:51:46+00:00,"b'On Fridays, we wear PINK! Our United In-Flight Training Center project team and trade partners are showing support\xe2\x80\xa6 https://t.co/EGT8HWC2iP'"
2021-10-15 13:32:42+00:00,b'RT @vision_times: A #Texas federal judge has issued a temporary restraining order (#TRO) on the #COVID-19 #vaccine mandate issued by #Unite\xe2\x80\xa6'
2021-10-15 13:29:27+00:00,b'One of the benefits of coffee people don\xe2\x80\x99t talk about: just had mine spilled all over my lap while flight attendant\xe2\x80\xa6 https://t.co/DVYZaMilz3'
2021-10-15 13:15:53+00:00,"b""It's harder than normal to get into this plane leaving a view like this @united @GrandTetonNPS #Wyoming\xe2\x80\xa6 https://t.co/RfOaWGVPIG"""
2021-10-15 13:01:47+00:00,b'United Airlines unveils 8 new long-haul routes for summer 2022\nhttps://t.co/PoWDyQKT6c\n\n#unitedairlines #flying #airline #europe #travel'
2021-10-15 12:55:08+00:00,"b'How can #UnitedAirlines change your flight, but when you can make the flight they scheduled for you. Refuse to refund you money'"
2021-10-15 12:48:37+00:00,b'RT @Zimindependent: \xf0\x9f\x94\xb4AIRLINK\xe2\x80\x99S codeshare deal with United States-based giant #UnitedAirlines  is set to unlock fresh arrivals into #Zimbabw\xe2\x80\xa6'
2021-10-15 12:41:12+00:00,"b'#UAL838 N27959 Boeing 787 9 United Airlines: 15.8 mi away @ 39000 ft and 25.0\xc2\xb0 frm hrzn, heading E @ 655.1mi/h 03:3\xe2\x80\xa6 https://t.co/gUduimkY2o'"
2021-10-15 12:28:47+00:00,b'\xf0\x9f\x94\xb4AIRLINK\xe2\x80\x99S codeshare deal with United States-based giant #UnitedAirlines  is set to unlock fresh arrivals into\xe2\x80\xa6 https://t.co/gsg97QJOWg'
2021-10-15 11:33:56+00:00,b'A #Texas federal judge has issued a temporary restraining order (#TRO) on the #COVID-19 #vaccine mandate issued by\xe2\x80\xa6 https://t.co/1YXxyZXeGQ'
2021-10-15 10:50:21+00:00,b'United Airlines to go Double-Daily on Newark \xe2\x80\x93 Dublin https://t.co/XKSZZwfxxV #AvGeek #aviation #FlyingIreland\xe2\x80\xa6 https://t.co/DcO9gfoZkh'
2021-10-15 10:49:25+00:00,b'RT @OurPatriot2020: Judge bars United from putting unvaccinated workers on leave\n#Airlines #AmericaFirst #COVID19 #FaceMasks #Employees #Ex\xe2\x80\xa6'
2021-10-15 10:32:20+00:00,b'RT @AuEpochTimes: \xe2\x9c\x88\xef\xb8\x8f#UnitedAirlines CEO #ScottKirby said on Wednesday that the air carrier will fire 232 of its employees for refusing to g\xe2\x80\xa6'
2021-10-15 09:25:33+00:00,"b'RT @jordantimes: United Airlines announces nonstop service between Amman and Washington, DC. New route is the first-ever nonstop service be\xe2\x80\xa6'"
2021-10-15 09:23:25+00:00,"b'RT @jordantimes: United Airlines announces nonstop service between Amman and Washington, DC. New route is the first-ever nonstop service be\xe2\x80\xa6'"
2021-10-15 09:20:17+00:00,b'Direct flight Washington to Amman on United Airlines 787 three times weekly as on May 2022 #direct #flights\xe2\x80\xa6 https://t.co/HmnsN3iBGj'
2021-10-15 09:16:09+00:00,b'Direct flight Washington to Amman on United Airlines 787 three times weekly as of May 2022 #direct #flights\xe2\x80\xa6 https://t.co/lTX7UHl8Ai'
2021-10-15 09:12:17+00:00,"b'United Airlines Workers: 97% get Poked, Air Canada begs the U.S., Qatar Chins, MORE\xe2\x80\xa6 https://t.co/xOqHoUtzeY\xe2\x80\xa6 https://t.co/rih0BUZPbJ'"
2021-10-15 07:58:06+00:00,b'\xe2\x9c\x88\xef\xb8\x8f#UnitedAirlines CEO #ScottKirby said on Wednesday that the air carrier will fire 232 of its employees for refusin\xe2\x80\xa6 https://t.co/TSdBQ5Zu6k'
2021-10-15 07:56:42+00:00,b'#UnitedAirlines #FreedomFlu rt and follow! https://t.co/rGIj4x8ZoB'
2021-10-15 07:37:12+00:00,b'RT @OurPatriot2020: Judge bars United from putting unvaccinated workers on leave\n#Airlines #AmericaFirst #COVID19 #FaceMasks #Employees #Ex\xe2\x80\xa6'
2021-10-15 07:30:55+00:00,b'United Airlines To Start Daily Flights Between Bengaluru and San Francisco Starting 26 May 2022\n\n#Airlines\xe2\x80\xa6 https://t.co/3VqxpTPRDg'
2021-10-15 06:48:16+00:00,"b""@SusanOgden2 @NickGroeneveld2 @BarbEllen3 @JamesDelaney111 I heard that WA won't let you leave no matter what. But\xe2\x80\xa6 https://t.co/CdwTh4CXBl"""
2021-10-15 06:32:02+00:00,b'Judge bars United from putting unvaccinated workers on leave\n#Airlines #AmericaFirst #COVID19 #FaceMasks #Employees\xe2\x80\xa6 https://t.co/pzrvx93hsY'
2021-10-15 05:39:30+00:00,b'#unitedairlines my refund for 3 PAX was processed on 22 sep 21 and yet to be received. Customer care is not providi\xe2\x80\xa6 https://t.co/3YMuJxeybY'
2021-10-15 05:23:50+00:00,b'The most packed/disorganized flight I have ever been on. #UnitedAirlines do better\xe2\x80\xa6.'
2021-10-15 04:40:29+00:00,b'When the plane lands why the people in the back stand up like where tf you going lol \xf0\x9f\x98\x82 #spiritairlines\xe2\x80\xa6 https://t.co/gjdmuUK3ns'
2021-10-15 03:50:32+00:00,b'RT @CAblond1: Come and Vax It | Verdict with Ted Cruz LIVE at Texas A&amp;M https://t.co/nwO9jIB5Gj via @FoxNews @SenTedCruz #espn #football #w\xe2\x80\xa6'
2021-10-15 03:43:00+00:00,b'United Airlines ramps up international expansion https://t.co/8CrkrziHhc - The expansion will feature five new dest\xe2\x80\xa6 https://t.co/rRlcGCsnqs'
2021-10-15 03:33:54+00:00,b'RT @CAblond1: Come and Vax It | Verdict with Ted Cruz LIVE at Texas A&amp;M https://t.co/nwO9jIB5Gj via @FoxNews @SenTedCruz #espn #football #w\xe2\x80\xa6'
2021-10-15 03:33:37+00:00,b'Come and Vax It | Verdict with Ted Cruz LIVE at Texas A&amp;M https://t.co/nwO9jIB5Gj via @FoxNews @SenTedCruz #espn\xe2\x80\xa6 https://t.co/oS9cmD6ylJ'
2021-10-15 03:26:34+00:00,"b'RT @CSojourner: .@UnitedAirlines_  TY #UnitedAirlines! This will make you the airline of choice for all rational Americans who #GetVaxxed,\xe2\x80\xa6'"
2021-10-15 02:47:44+00:00,b'United Airlines made a travel delay as good as it could be by quickly rebooking us on a later flight as we would ha\xe2\x80\xa6 https://t.co/cKAKMWym16'
2021-10-15 01:55:01+00:00,b'I am so disappointed by @united - I am a public school teacher and saved my money and took a day off of work for th\xe2\x80\xa6 https://t.co/NQ9XqrC5an'
2021-10-15 01:16:43+00:00,"b""[#UnitedAirlines] Plans 10 New Transatlantic Routes In 2022 - Live and Let's Fly https://t.co/mclGeojItI"""
2021-10-15 01:07:30+00:00,"b'RT @katja_gq: Now trending on iTunes, Spotify. With people worrying to lose their jobs, and dark times ahead this is my new theme song \xf0\x9f\x8e\xb5 \xf0\x9f\x94\xa5\xf0\x9f\x8e\xb5\xe2\x80\xa6'"
2021-10-15 00:57:57+00:00,"b'In a pilot is not willing to get their #COVID19 vacation, just remove their flight certification.  That goes for\xe2\x80\xa6 https://t.co/g7WKTNMoCx'"
2021-10-15 00:30:50+00:00,"b'RT @katja_gq: Now trending on iTunes, Spotify. With people worrying to lose their jobs, and dark times ahead this is my new theme song \xf0\x9f\x8e\xb5 \xf0\x9f\x94\xa5\xf0\x9f\x8e\xb5\xe2\x80\xa6'"
2021-10-15 00:03:49+00:00,b'If you wide awake and talk out loud on a flight I can not trust you. #culture #flight #spiritairlines #UnitedAirlines #AmericanAirlines'
2021-10-14 23:54:44+00:00,"b'RT @katja_gq: Now trending on iTunes, Spotify. With people worrying to lose their jobs, and dark times ahead this is my new theme song \xf0\x9f\x8e\xb5 \xf0\x9f\x94\xa5\xf0\x9f\x8e\xb5\xe2\x80\xa6'"
2021-10-14 23:44:16+00:00,"b'Now trending on iTunes, Spotify. With people worrying to lose their jobs, and dark times ahead this is my new theme\xe2\x80\xa6 https://t.co/3J78HFhjoX'"
2021-10-14 23:38:44+00:00,"b'United announced the largest transatlantic expansion in its history, including 10 new flights and 5 new destination\xe2\x80\xa6 https://t.co/HOFJQyVIc5'"
2021-10-14 23:05:19+00:00,"b'RT @GisselleGP: I fully approve of anyone working with the public who refuses to get vaccinated being fired. Go dig ditches somewhere, folk\xe2\x80\xa6'"
2021-10-14 22:53:45+00:00,"b'#UAL858 N2138U Boeing 777 300ER United Airlines: 28.3 mi away @ 35000 ft and 13.2\xc2\xb0 frm hrzn, heading E @ 691.3mi/h\xe2\x80\xa6 https://t.co/TnqORGgpzy'"
2021-10-14 22:41:17+00:00,b'Why wont Marco #Rubio answer my question about Bible Verse \nLeviticus 13:45? \n\nPretty Self Explanatory so how is it\xe2\x80\xa6 https://t.co/Z6AWslKNfj'
2021-10-14 22:30:19+00:00,"b""#UnitedAirlines \n\n1905 #SCOTUS RULED:\nONE PERSONS LIBERTY CAN NOT TRUMP EVERYONE ELSE'S \n\n#GOP are fabricating issu\xe2\x80\xa6 https://t.co/1ze0Fi64gf"""
2021-10-14 22:02:41+00:00,b'@RT_com Cut the crap and get a #vaccine! #UnitedAirlines #VaccineMandate'
2021-10-14 22:01:38+00:00,b'RT @bttlcvk: @ChaseSupport I think \n@chase\n is the worse company for banking and credit card. Why \n@UnitedAirlines_\nis working with Chase.\xe2\x80\xa6'
2021-10-14 22:00:08+00:00,"b'Register now: https://t.co/j5QuDrT7RX.\n\nOct 28, 2021\n 530pm-830pm\nAuto Vino-Menlo Park\n\nThank you SPONSORS!\n#IHG\xe2\x80\xa6 https://t.co/ijjPLSJvKb'"
2021-10-14 21:57:44+00:00,b'RT @MignonetteBooks: @duty2warn #UnitedAirlines refuse to comply with Pittman\xe2\x80\x99s order'
2021-10-14 21:40:33+00:00,b'RT @thanerosenbaum: Lawsuit opposing #UnitedAirlines #VaccineMandate and states banning employer vaccine mandates with @BobSellersTV and th\xe2\x80\xa6'
2021-10-14 21:32:06+00:00,"b'@mschlapp So, you can catch diabetes from others?\n#VaccineMandate \n#Vaccinate \xf0\x9f\x92\x89\n#WearAMask \n#Rona \n#UnitedAirlines\xe2\x80\xa6 https://t.co/j26DWpoggF'"
2021-10-14 21:26:07+00:00,"b""Tourism in Australia 2022 will be down, people won't like the idea adhering to passports masks &amp; ludicrous rules.\xe2\x80\xa6 https://t.co/sasSOJLed4"""
2021-10-14 21:14:13+00:00,"b""This is how an airline can go from not being on your radar (if you don't live near a well-served #UnitedAirlines ai\xe2\x80\xa6 https://t.co/nHh3Qv05aq"""
2021-10-14 21:13:40+00:00,b'Lawsuit opposing #UnitedAirlines #VaccineMandate and states banning employer vaccine mandates with @BobSellersTV an\xe2\x80\xa6 https://t.co/KR4low1jaM'
2021-10-14 21:08:23+00:00,b'\xf0\x9f\xa4\xa3\xf0\x9f\xa4\xa3\xf0\x9f\xa4\xa3 go ahead and go all the way #OFF BRO! #Ham #UnitedAirlines\nClick the see video link.\xf0\x9f\xa4\xa3\xf0\x9f\xa4\xa1\nhttps://t.co/qtyo9Uuttf'
2021-10-14 21:04:49+00:00,b'guess I can start planning! \xf0\x9f\x87\xba\xf0\x9f\x87\xb8\xf0\x9f\x9b\xab\xf0\x9f\x87\xae\xf0\x9f\x87\xa8\n\n #usa #unitedairlines #islascanarias https://t.co/abogFNIZH1'
2021-10-14 20:53:14+00:00,"b'RT @IamJohnBurnett: Equally essential to ensure that the process, denials, and exemptions are fairly and indiscriminately evaluated while m\xe2\x80\xa6'"
2021-10-14 20:51:18+00:00,"b""RT @StCyrlyMe2: Unbelievable a judge would tell #UnitedAirlines they can't put employees out on unpaid leave because of #COVID19 when they\xe2\x80\xa6"""
2021-10-14 20:51:18+00:00,b'Does this judge understand #UnitedAirlines decision could work in the opposite way? Case and point They denied my g\xe2\x80\xa6 https://t.co/VHJB7QkTDz'
2021-10-14 20:49:22+00:00,"b""So airlines have started asking users if they're willing to give up their seats through their app. I wonder how low\xe2\x80\xa6 https://t.co/Z9nRzfO1KJ"""
2021-10-14 20:46:58+00:00,"b""Unbelievable a judge would tell #UnitedAirlines they can't put employees out on unpaid leave because of #COVID19 wh\xe2\x80\xa6 https://t.co/CN9FYexsrz"""
2021-10-14 20:37:04+00:00,b'Glad United Airline employees are standing against the vaccine mandates #UnitedAirlines'
2021-10-14 20:32:40+00:00,"b'Equally essential to ensure that the process, denials, and exemptions are fairly and indiscriminately evaluated whi\xe2\x80\xa6 https://t.co/Z8ZfuFzkBy'"
2021-10-14 20:29:17+00:00,b'@ChaseSupport I think \n@chase\n is the worse company for banking and credit card. Why \n@UnitedAirlines_\nis working w\xe2\x80\xa6 https://t.co/wGoVSX4dT1'
2021-10-14 20:28:04+00:00,b'I think \n@chase\n is the worse company for banking and credit card. Why \n@UnitedAirlines_\n is working with Chase. Wh\xe2\x80\xa6 https://t.co/0uYRS34zRT'
2021-10-14 19:45:47+00:00,b'@duty2warn #UnitedAirlines refuse to comply with Pittman\xe2\x80\x99s order'
2021-10-14 19:31:54+00:00,"b'Towel BandIt sighting on the Carnival Panorama, cruising in the Mexican Riviera. Thanks Eddie and Adrienne!\xe2\x80\xa6 https://t.co/MotItSKAjB'"
2021-10-14 19:20:43+00:00,b'#Breaking\nFederal Judge rules\n#UnitedAirlines may not place unvaccinated employees on unpaid leave if they\xe2\x80\x99ve reque\xe2\x80\xa6 https://t.co/urzlCcbcQR'
2021-10-14 19:13:21+00:00,b'United Airlines says it will start flight services from Bengaluru to San Francisco from THIS date. Check details.\xe2\x80\xa6 https://t.co/z7jzlj5rgm'
2021-10-14 19:09:56+00:00,b'Another Federal Judge with some backbone. https://t.co/C4Q5UFzFz6 - #UnitedAirlines'
2021-10-14 19:00:14+00:00,b'Register NOW at https://t.co/j5QuDrT7RX &amp; receive entry to win wine donated by the #SVBTA Board.\n\nRegister before 5\xe2\x80\xa6 https://t.co/lfGGeprvLg'
2021-10-14 18:34:18+00:00,"b'RT @jordantimes: United Airlines announces nonstop service between Amman and Washington, DC. New route is the first-ever nonstop service be\xe2\x80\xa6'"
2021-10-14 18:32:00+00:00,"b'United Airlines announces nonstop service between Amman and Washington, DC. New route is the first-ever nonstop ser\xe2\x80\xa6 https://t.co/AHvjbwm6QL'"
2021-10-14 17:24:46+00:00,b'RT @amrenewctr: Huge legal victory for our Senior Fellow @MarkPaoletta and #UnitedAirlines employees!'
2021-10-14 17:15:10+00:00,"b""@duty2warn Can't #UnitedAirlines report the Judge to an oversight or judicial review board and have him overturned.\xe2\x80\xa6 https://t.co/iZ6QOpgYgu"""
2021-10-14 17:15:03+00:00,b'Cruising these airwaves \xf0\x9f\x91\x8b\xe2\x9c\x88\xef\xb8\x8f\xf0\x9f\x98\x8d\xf0\x9f\x99\x8c\n\n- Like and share \xf0\x9f\x93\xa2\n- Join VirtualUA Today \xf0\x9f\x92\xbb\n\n\xf0\x9f\x93\xb8 : Kai P. \n\n#avgeek #pilot #boeing\xe2\x80\xa6 https://t.co/wK9D2B3Uva'
2021-10-14 17:07:37+00:00,"b'@sloyoroll01973 @kniles01 Good choice United! I booked my daughters flight home on United, across the country, beca\xe2\x80\xa6 https://t.co/wJwDTwblTq'"
2021-10-14 17:00:02+00:00,"b""Next week's #blog will explore the current communications crisis that #UnitedAirlines is facing due to their impend\xe2\x80\xa6 https://t.co/eFTbqhYrpc"""
2021-10-14 16:49:04+00:00,"b'@JackLombardi Covid-19 approves this message. \n\n Are they headquartered in a Right To Work state. Can you say ""At W\xe2\x80\xa6 https://t.co/HdP3Zx6LWR'"
2021-10-14 16:44:00+00:00,b'United Airlines ramps up international expansion https://t.co/EaCcvB4FmE - The expansion will feature five new dest\xe2\x80\xa6 https://t.co/h3nYIpiNY3'
2021-10-14 16:41:35+00:00,b'All the while @united is stuffing 1000xs of unvaxed illegals on their planes for federal $$$s\xf0\x9f\x98\xb3\xf0\x9f\x98\xb3\xf0\x9f\x98\xb3\xf0\x9f\x98\xb3 1000xs of UNVAXED\xe2\x80\xa6 https://t.co/NKwloUuARJ'
2021-10-14 16:39:48+00:00,"b'RT @GisselleGP: I fully approve of anyone working with the public who refuses to get vaccinated being fired. Go dig ditches somewhere, folk\xe2\x80\xa6'"
2021-10-14 16:38:54+00:00,b'I fully approve of anyone working with the public who refuses to get vaccinated being fired. Go dig ditches somewhe\xe2\x80\xa6 https://t.co/0jWiYUcnJS'
2021-10-14 16:13:34+00:00,b'@united announced Thursday that it will add new trans-Atlantic routes to its roster in the spring of 2022. @IBTimes\xe2\x80\xa6 https://t.co/AbAh34QNFp'
2021-10-14 16:10:51+00:00,b'RT @bengalurulive_: United to start daily Bengaluru-San Francisco flight from May 28 next year\n\nhttps://t.co/8pVjb7q5Wo\n\n#Bangalore #Bengal\xe2\x80\xa6'
2021-10-14 16:10:41+00:00,b'United to start daily Bengaluru-San Francisco flight from May 28 next year\n\nhttps://t.co/8pVjb7q5Wo\n\n#Bangalore\xe2\x80\xa6 https://t.co/0d30Zr8xcF'
2021-10-14 15:46:39+00:00,b'GADS - Down with #UnitedAirlines https://t.co/NtRt4puPU1'
2021-10-14 15:37:50+00:00,b'@united announced a TON of new international routes today \xe2\x9c\x88\xef\xb8\x8f\xe2\x9c\x88\xef\xb8\x8f\xe2\x9c\x88\xef\xb8\x8f\xe2\x9c\x88\xef\xb8\x8f\n#UnitedAirlines #beingunited https://t.co/2TDF07IDB9'
2021-10-14 15:19:56+00:00,b'\xe2\x81\xa6@united\xe2\x81\xa9 goes big: Announces 10 new International Routes including 5 new destinations\n\n#united #unitedairlines\xe2\x80\xa6 https://t.co/kQbtgIMHX4'
2021-10-14 15:12:46+00:00,"b'#UnitedAirlines Plans Largest Transatlantic Expansion in its History, Including 10 New Flights and 5 New Destinatio\xe2\x80\xa6 https://t.co/ug7Ni3EamP'"
2021-10-14 15:00:09+00:00,b'Buyers - register NOW &amp; receive complimentary entry.\n\nMust email svbta@svbta.org to receive a code. Questions? Emai\xe2\x80\xa6 https://t.co/90kb33NfdB'
2021-10-14 14:52:22+00:00,"b'Exciting news about United Airlines routes in 2022! Can\xe2\x80\x99t wait to hike in Bergen (Fjords), Norway and to walk aroun\xe2\x80\xa6 https://t.co/9QJJO3j3gS'"
2021-10-14 14:49:29+00:00,b'Judge Orders #UnitedAirlines Not to Put Workers Seeking #VaccineMandate Exception on Leave\nhttps://t.co/f6jQJgHzD0'
2021-10-14 14:48:35+00:00,b'@Mediaite I never cared for #UnitedAirlines. Their decision may come back to haunt them. #PrayForAmerica https://t.co/jPRvp7UoWk'
2021-10-14 14:47:22+00:00,b'United Airlines Announces Largest Transatlantic Expansion in its History Including 10 New Flights\xe2\x80\xa6 https://t.co/pVP92roIVo'
2021-10-14 14:45:38+00:00,b'@BlairBrandt Lol..Right to work state Texas..You know what that means..right to fire.\nYou reap what you sow.\xe2\x80\xa6 https://t.co/ZpCntfJ94n'
2021-10-14 14:42:22+00:00,b'Judge blocks #UnitedAirlines \nfrom putting un-vaccinated workers on unpaid leave.\n#NoVaccineMandates #Covid19\xe2\x80\xa6 https://t.co/nnp0FrNVbD'
2021-10-14 14:38:35+00:00,b'The not-so-friendly skies\n\n#SouthwestAirlines #AmericanAirlines #UnitedAirlines \n\nhttps://t.co/vmHhEXEipN'
2021-10-14 14:32:14+00:00,"b""@newsmax A Judge in Texas is a bit like saying\nA Unicorn in North Korea\n\nAin't that right @GregAbbott_TX ?\n\nYou rea\xe2\x80\xa6 https://t.co/J67T5gPgVF"""
2021-10-14 14:31:52+00:00,b'#UnitedAirlines refuses to be told what to do by #AntiVa   #CovidiotJudge https://t.co/unWPoeyfR9'
2021-10-14 14:29:39+00:00,b'#UnitedAirlines expanding route map new and exciting nonstop destinations. #LuxuryTravel #LuxuryLifestyle: https://t.co/x1dvnKg8pk'
2021-10-14 14:20:11+00:00,b'#UnitedAirlines can layoff unvaccinated workers and let them decide whether they want to come back or not! \n\nThe\xe2\x80\xa6 https://t.co/Zcr4Aqxvj1'
2021-10-14 14:13:34+00:00,b'ABOUT THAT JUDGE\n45  IN THA CUTT....\n#UnitedAirlines https://t.co/Tl7IkmB7WG'
2021-10-14 14:08:00+00:00,b'Do people requesting religious exemption have to provide proof they have never been vaccinated for anything?\xe2\x80\xa6 https://t.co/OOMFqJLnk7'
2021-10-14 14:02:47+00:00,b'@newsmax Texas is a right to work state. They will just get fired instead. See how that works? #GetVaccinated #UnitedAirlines'
2021-10-14 13:45:27+00:00,b'@united I can\xe2\x80\x99t stress enough of how much I hate this airline! I haven\xe2\x80\x99t traveled with #UnitedAirlines for years!Th\xe2\x80\xa6 https://t.co/otdIrIgIa3'
2021-10-14 13:44:27+00:00,"b'New daily seasonal flight #UnitedAirlines between #Milan #Malpensa and #Chicago starting May 7, 2022 (subject to go\xe2\x80\xa6 https://t.co/3bP3MQAoR9'"
2021-10-14 13:41:17+00:00,b'RT @AmyGiftcard: Free #Walmart  Gift card $100\nCarta regalo #Walmart gratuita $ 100\n#UnitedAirlines #PitDark #thursdayvibes #ThursdayThough\xe2\x80\xa6'
2021-10-14 13:40:48+00:00,b'If you need any packaging design please #follow\nhttps://t.co/JD5eFhaRGb\n#agency #branddesign #brandidentity\xe2\x80\xa6 https://t.co/YdMxJClBIY'
2021-10-14 13:18:43+00:00,b'Free #Walmart  Gift card $100\nCarta regalo #Walmart gratuita $ 100\n#UnitedAirlines #PitDark #thursdayvibes\xe2\x80\xa6 https://t.co/KqPBHSbOf5'
2021-10-14 12:59:13+00:00,b'Free amazon gift card\nCarta regalo #Amazon  gratuita $ 100\n#UnitedAirlines #PitDark #thursdayvibes\xe2\x80\xa6 https://t.co/ekjiCnUt6j'
2021-10-14 12:55:01+00:00,"b'Are you looking for any kinds of Brochure, Company Profile, Proposal, Annual Report, Booklet, Magazine and Catalog\xe2\x80\xa6 https://t.co/IhQ9x8dFB4'"
2021-10-14 12:53:13+00:00,b'Amazing way of revealing the new routes! Hats off to @united \xf0\x9f\x91\x8d\xf0\x9f\x8f\xbe\xf0\x9f\x91\x8d\xf0\x9f\x8f\xbe\xf0\x9f\x91\x8d\xf0\x9f\x8f\xbe\n\n#AvGeek How many routes did u solve? \xf0\x9f\xa4\xa3\xe2\x80\xa6 https://t.co/a8MdCcWYmi'
2021-10-14 12:51:50+00:00,"b'Are you looking for any kinds of Brochure, Company Profile, Proposal, Annual Report, Booklet, Magazine and Catalog\xe2\x80\xa6 https://t.co/rP8jQWrAcT'"
2021-10-14 12:49:27+00:00,b'Phone number for Congress. Ask your Dem or Republican what the $70 Billion of our money for the IRS is for. (202) 2\xe2\x80\xa6 https://t.co/xZkq5CJJ0e'
2021-10-14 12:49:06+00:00,"b'Are you looking for any kinds of Brochure, Company Profile, Proposal, Annual Report, Booklet, Magazine and Catalog\xe2\x80\xa6 https://t.co/z4c2WDV0kL'"
